"";"COD6D";"QT_EXIST";"QT_CONTR";"QT_SUS";"QT_NSUS"
"1";"120001";19;0;19;0
"2";"120005";12;0;12;0
"3";"120010";37,5;0;37,5;0
"4";"120020";274;0;254;20
"5";"120030";38;0;38;0
"6";"120032";10;0;10;0
"7";"120033";18;0;18;0
"8";"120034";19;0;19;0
"9";"120035";14;0;14;0
"10";"120038";43;0;43;0
"11";"120039";8;0;8;0
"12";"120040";914;0;775;139
"13";"120042";17;0;17;0
"14";"120043";8;0;8;0
"15";"120045";38;0;38;0
"16";"120050";54;0;54;0
"17";"120060";47;0;47;0
"18";"120070";29;0;29;0
"19";"270010";32;0;32;0
"20";"270020";25;0;25;0
"21";"270030";884;0;769;115
"22";"270040";82;0;82;0
"23";"270070";42;0;42;0
"24";"270100";28;0;28;0
"25";"270120";3;0;3;0
"26";"270130";33;0;33;0
"27";"270140";40;0;40;0
"28";"270170";37;0;37;0
"29";"270190";8;0;8;0
"30";"270210";35;0;35;0
"31";"270230";225;0;225;0
"32";"270235";13;0;8;5
"33";"270240";46;0;46;0
"34";"270260";10;0;10;0
"35";"270280";16;0;16;0
"36";"270290";48;0;48;0
"37";"270310";14;0;14;0
"38";"270380";41;0;41;0
"39";"270400";36;0;36;0
"40";"270420";17,5;0;17,5;0
"41";"270430";3482;0;2720;766
"42";"270440";34;0;34;0
"43";"270450";8;0;8;0
"44";"270470";14;0;14;0
"45";"270500";36;0;36;0
"46";"270510";23;0;23;0
"47";"270550";54;0;54;0
"48";"270570";47;0;46;1
"49";"270630";165;0;132;33
"50";"270640";54;0;54;0
"51";"270650";28;0;28;0
"52";"270660";16;0;16;0
"53";"270670";200;0;164;36
"54";"270680";17;0;17;0
"55";"270690";41;0;41;0
"56";"270710";49;0;49;0
"57";"270730";40;0;40;0
"58";"270760";28;0;28;0
"59";"270770";137;0;137;0
"60";"270800";144;0;138;6
"61";"270820";26;0;26;0
"62";"270830";50;0;50;0
"63";"270840";20;0;20;0
"64";"270850";25;0;25;0
"65";"270860";115;0;95;20
"66";"270880";8;0;8;0
"67";"270910";5;0;5;0
"68";"270915";40;0;40;0
"69";"270920";9;0;9;0
"70";"270930";110;0;94;16
"71";"270940";40;0;40;0
"72";"270375";2;0;2;0
"73";"270410";3;0;3;0
"74";"130002";20;0;20;0
"75";"130006";15;0;15;0
"76";"130008";20;0;20;0
"77";"130010";23;0;23;0
"78";"130014";44;0;44;0
"79";"130020";31;0;31;0
"80";"130030";33;0;33;0
"81";"130040";30;0;30;0
"82";"130050";19;0;19;0
"83";"130060";38;0;38;0
"84";"130063";30;0;30;0
"85";"130068";20;0;20;0
"86";"130070";60;0;60;0
"87";"130080";48;0;48;0
"88";"130083";14;0;14;0
"89";"130090";16;0;16;0
"90";"130100";40;0;40;0
"91";"130110";20;0;20;0
"92";"130120";86;0;86;0
"93";"130130";44;0;44;0
"94";"130140";80;0;80;0
"95";"130150";21;0;21;0
"96";"130160";46;0;46;0
"97";"130165";20;0;20;0
"98";"130170";72;0;72;0
"99";"130180";26;0;26;0
"100";"130185";19;0;19;0
"101";"130190";106;0;106;0
"102";"130195";15;0;15;0
"103";"130200";24;0;24;0
"104";"130210";4;0;4;0
"105";"130220";20;0;20;0
"106";"130230";19;0;19;0
"107";"130240";50;0;50;0
"108";"130250";86;0;86;0
"109";"130255";12;0;12;0
"110";"130260";4266;0;3284;989,5
"111";"130270";60;0;60;0
"112";"130280";21;0;21;0
"113";"130290";66;0;66;0
"114";"130300";30;0;30;0
"115";"130310";30;0;30;0
"116";"130320";36;0;36;0
"117";"130330";31;0;31;0
"118";"130340";151;0;151;0
"119";"130350";16;0;16;0
"120";"130353";46;0;31;15
"121";"130356";37;0;37;0
"122";"130360";20;0;20;0
"123";"130370";28;0;28;0
"124";"130380";107;0;87;20
"125";"130390";30;0;30;0
"126";"130395";20;0;20;0
"127";"130400";14;0;14;0
"128";"130406";50;0;50;0
"129";"130410";35;0;35;0
"130";"130420";112;0;99;13
"131";"130423";33;0;33;0
"132";"130426";21;0;21;0
"133";"130430";40;0;40;0
"134";"130440";32;0;32;0
"135";"160005";30;0;30;0
"136";"160010";27;0;27;0
"137";"160015";15;0;15;0
"138";"160020";16;0;16;0
"139";"160023";13;0;13;0
"140";"160027";40;0;40;0
"141";"160030";823;0;642;181
"142";"160040";16;0;16;0
"143";"160050";20;0;20;0
"144";"160053";34;0;34;0
"145";"160060";90;0;74;16
"146";"160070";10;0;10;0
"147";"160080";8;0;8;0
"148";"290020";24;0;24;0
"149";"290030";6;0;6;0
"150";"290035";19;0;19;0
"151";"290040";20;0;20;0
"152";"290060";13;0;13;0
"153";"290070";251;0;193;59
"154";"290080";59;0;59;0
"155";"290100";53;0;53;0
"156";"290110";21;0;21;0
"157";"290115";26;0;26;0
"158";"290120";30;0;30;0
"159";"290130";32;0;32;0
"160";"290140";6;0;6;0
"161";"290160";105;0;105;0
"162";"290180";15;0;15;0
"163";"290190";42;0;42;0
"164";"290200";83;0;35;48
"165";"290205";19;0;19;0
"166";"290210";77;0;73;4
"167";"290240";46;0;46;0
"168";"290250";28;0;28;0
"169";"290260";36;0;36;0
"170";"290270";91;0;91;0
"171";"290280";82;0;82;0
"172";"290290";33;0;33;0
"173";"290300";30;0;30;0
"174";"290310";31;0;31;0
"175";"290320";533;0;455;78
"176";"290323";22;0;22;0
"177";"290327";30;0;30;0
"178";"290330";33;0;33;0
"179";"290340";59;0;58;1
"180";"290350";60;0;60;0
"181";"290360";14;0;14;0
"182";"290370";17;0;17;0
"183";"290380";14;0;14;0
"184";"290390";90;0;71;19
"185";"290395";19;0;19;0
"186";"290400";24;0;24;0
"187";"290405";16;0;16;0
"188";"290410";26;0;26;0
"189";"290420";60;0;58;2
"190";"290430";19;0;19;0
"191";"290450";59;0;59;0
"192";"290460";121;0;102;19
"193";"290470";47;0;47;0
"194";"290475";9;0;9;0
"195";"290480";17;0;17;0
"196";"290490";84;0;84;0
"197";"290500";49;0;49;0
"198";"290510";38;0;38;0
"199";"290520";105;0;91;14
"200";"290530";33;0;33;0
"201";"290550";40;0;40;0
"202";"290560";130;0;128;2
"203";"290570";317,5;0;231;86
"204";"290580";16,5;0;16,5;0
"205";"290590";41;0;41;0
"206";"290600";110;0;104;6
"207";"290610";24;0;24;0
"208";"290620";36;0;29;7
"209";"290630";95;0;85;10
"210";"290640";3;0;3;0
"211";"290650";67;0;50;17
"212";"290660";37;0;26;11
"213";"290670";55;0;55;0
"214";"290680";16;0;16;0
"215";"290682";61;0;61;0
"216";"290685";21;0;21;0
"217";"290687";57;0;57;0
"218";"290690";77;0;61;16
"219";"290710";35;0;35;0
"220";"290720";43;0;43;0
"221";"290730";57;0;57;0
"222";"290750";119;0;55;64
"223";"290755";20;0;20;0
"224";"290760";42;0;42;0
"225";"290780";67;0;67;0
"226";"290790";33;0;33;0
"227";"290800";35;0;35;0
"228";"290810";32;0;32;0
"229";"290820";50;0;20;30
"230";"290830";58;0;58;0
"231";"290840";211;0;142;69
"232";"290850";31;0;28;3
"233";"290860";17;0;17;0
"234";"290870";38;0;38;0
"235";"290890";28;0;28;0
"236";"290900";15;0;15;0
"237";"290910";36;0;36;0
"238";"290920";4;0;4;0
"239";"290930";36;0;36;0
"240";"290940";9;0;9;0
"241";"290950";24;0;24;0
"242";"290960";21;0;21;0
"243";"290980";165;0;132;33
"244";"290990";24;0;24;0
"245";"291005";48;0;35;13
"246";"291010";11;0;11;0
"247";"291030";13;0;13;0
"248";"291040";50;0;50;0
"249";"291050";70;0;70;0
"250";"291060";75;0;75;0
"251";"291070";111;0;109;2
"252";"291072";292;0;172;123
"253";"291080";1403;0;1103;298
"254";"291085";37;0;37;0
"255";"291100";21;0;21;0
"256";"291110";31;0;31;0
"257";"291120";72;0;72;0
"258";"291130";18;0;18;0
"259";"291150";17;0;17;0
"260";"291170";292;0;191;101
"261";"291180";32;0;32;0
"262";"291190";51;0;51;0
"263";"291200";38;0;38;0
"264";"291210";34;0;34;0
"265";"291230";21;0;21;0
"266";"291240";33;0;29;4
"267";"291250";8;0;8;0
"268";"291270";31;0;31;0
"269";"291280";8;0;8;0
"270";"291290";81;0;81;0
"271";"291300";62;0;62;0
"272";"291310";32;0;31;1
"273";"291320";80;0;52;28
"274";"291330";22;0;22;0
"275";"291340";33;0;33;0
"276";"291345";9;0;9;0
"277";"291350";84;0;84;0
"278";"291360";542;0;438;104
"279";"291370";40;0;40;0
"280";"291380";14;0;14;0
"281";"291390";125;0;90;35
"282";"291400";64;0;62;2
"283";"291410";24;0;24;0
"284";"291420";29;0;29;0
"285";"291430";68,5;0;68,5;0
"286";"291440";41;0;41;0
"287";"291450";25;0;25;0
"288";"291460";175;0;133;42
"289";"291465";40;0;40;0
"290";"291470";211,5;0;158,5;53
"291";"291480";1047;0;803;244
"292";"291490";39;0;39;0
"293";"291500";15;0;15;0
"294";"291510";29;0;29;0
"295";"291520";17;0;17;0
"296";"291530";21;0;21;0
"297";"291535";24;0;24;0
"298";"291540";12;0;12;0
"299";"291550";60;0;60;0
"300";"291560";103;0;103;0
"301";"291570";29;0;29;0
"302";"291580";42;0;42;0
"303";"291600";56;0;54;2
"304";"291610";52;0;52;0
"305";"291630";11;0;11;0
"306";"291640";219;0;199;20
"307";"291650";54;0;50;4
"308";"291660";16;0;16;0
"309";"291670";31;0;31;0
"310";"291680";30;0;30;0
"311";"291685";24;0;24;0
"312";"291690";85;0;85;0
"313";"291700";87;0;84;3
"314";"291710";45;0;45;0
"315";"291720";28;0;28;0
"316";"291730";33;0;33;0
"317";"291735";31;0;31;0
"318";"291740";29;0;29;0
"319";"291750";332;0;287;45
"320";"291760";124;0;112;12
"321";"291770";42;0;42;0
"322";"291800";528;0;368;160
"323";"291810";32;0;32;0
"324";"291820";23;0;23;0
"325";"291830";26;0;26;0
"326";"291835";36;0;36;0
"327";"291840";779;0;681;98
"328";"291845";26;0;26;0
"329";"291850";31;0;31;0
"330";"291855";37;0;37;0
"331";"291860";17;0;17;0
"332";"291875";2;0;2;0
"333";"291880";42;0;42;0
"334";"291905";27;0;27;0
"335";"291915";44;0;44;0
"336";"291920";263;0;108;155
"337";"291930";14;0;14;0
"338";"291940";20;0;20;0
"339";"291950";84;0;54;32
"340";"291955";48;0;24;26
"341";"291960";20;0;20;0
"342";"291970";32;0;32;0
"343";"291980";60;0;45;15
"344";"291990";15;0;15;0
"345";"291992";31;0;31;0
"346";"292000";14;0;14;0
"347";"292010";31;0;31;0
"348";"292020";22;0;22;0
"349";"292050";89;0;89;0
"350";"292060";46;0;15;31
"351";"292080";19;0;19;0
"352";"292100";84;0;56;28
"353";"292105";21;0;21;0
"354";"292110";30;0;30;0
"355";"292120";86;0;83;3
"356";"292130";23;0;23;0
"357";"292150";60;0;60;0
"358";"292160";2;0;2;0
"359";"292170";120;0;120;0
"360";"292180";24;0;24;0
"361";"292190";32;0;32;0
"362";"292200";90;0;70;20
"363";"292205";34;0;34;0
"364";"292210";22;0;22;0
"365";"292230";40;0;40;0
"366";"292240";47;0;47;0
"367";"292250";129;0;120;9
"368";"292265";24;0;24;0
"369";"292270";51;0;51;0
"370";"292290";39;0;39;0
"371";"292300";45;0;45;0
"372";"292310";25;0;25;0
"373";"292320";27;0;27;0
"374";"292330";15;0;15;0
"375";"292340";54;0;54;0
"376";"292360";82;0;82;0
"377";"292370";37;0;37;0
"378";"292380";16;0;6;10
"379";"292390";17;0;17;0
"380";"292400";153;0;139;14
"381";"292405";9;0;9;0
"382";"292420";3;0;3;0
"383";"292430";26;0;26;0
"384";"292440";30;0;30;0
"385";"292450";25;0;25;0
"386";"292460";57;44;57;0
"387";"292465";16;0;16;0
"388";"292480";37;0;37;0
"389";"292490";27;0;27;0
"390";"292500";59;0;59;0
"391";"292510";74;0;66;8
"392";"292520";123;0;83;40
"393";"292525";37;0;37;0
"394";"292530";154;0;140;14
"395";"292540";21;0;21;0
"396";"292550";42;0;42;0
"397";"292560";17;0;17;0
"398";"292575";18;0;18;0
"399";"292580";53;10;53;0
"400";"292590";23;0;23;0
"401";"292595";22;0;22;0
"402";"292600";143;0;118;25
"403";"292610";26;0;26;0
"404";"292620";29;0;29;0
"405";"292630";126;0;119;7
"406";"292640";69;0;69;0
"407";"292650";20;0;20;0
"408";"292660";96;0;96;0
"409";"292670";11;0;11;0
"410";"292690";28;0;28;0
"411";"292700";55;0;55;0
"412";"292710";5;0;5;0
"413";"292720";113;0;100;13
"414";"292730";16;0;16;0
"415";"292740";8825;0;5982,5;2794
"416";"292750";30;0;30;0
"417";"292770";22;0;22;0
"418";"292790";30;0;30;0
"419";"292800";81;0;79;2
"420";"292810";110;0;108;2
"421";"292820";40;0;40;0
"422";"292830";13;0;13;0
"423";"292840";24;0;24;0
"424";"292850";28;0;28;0
"425";"292860";191;0;166;25
"426";"292870";387;0;335;57
"427";"292880";53;0;53;0
"428";"292890";25;0;25;0
"429";"292895";20;0;20;0
"430";"292900";91;0;90;1
"431";"292905";49;0;44;5
"432";"292910";30;0;30;0
"433";"292920";44;0;44;0
"434";"292925";34;0;34;0
"435";"292930";102;0;102;0
"436";"292937";16;0;16;0
"437";"292940";29;0;29;0
"438";"292950";53;0;53;0
"439";"292960";63;0;63;0
"440";"292970";37;0;37;0
"441";"292975";13;0;13;0
"442";"292980";73;0;73;0
"443";"292990";94;0;84;10
"444";"293000";20;0;20;0
"445";"293010";145;0;115;30
"446";"293015";32;0;32;0
"447";"293020";32;0;32;0
"448";"293030";45;0;45;0
"449";"293040";25;0;25;0
"450";"293050";243;0;200;43
"451";"293060";33;0;33;0
"452";"293070";72;0;72;0
"453";"293075";19;0;19;0
"454";"293077";31;0;31;0
"455";"293080";26;0;26;0
"456";"293090";32;0;32;0
"457";"293100";21;0;21;0
"458";"293105";73;0;73;0
"459";"293110";20;0;20;0
"460";"293120";26;0;26;0
"461";"293130";52;0;38;14
"462";"293135";352;0;235;120
"463";"293150";25;0;25;0
"464";"293160";24;0;24;0
"465";"293180";19;0;19;0
"466";"293190";58;0;55;3
"467";"293200";24;0;24;0
"468";"293210";71;0;71;0
"469";"293220";100;0;100;0
"470";"293230";110;0;110;0
"471";"293240";30;0;30;0
"472";"293250";47;0;47;0
"473";"293260";34;0;34;0
"474";"293280";20;0;20;0
"475";"293290";231;0;211;20
"476";"293300";72;0;68;4
"477";"293305";21;0;21;0
"478";"293310";40;0;40;0
"479";"293315";17;0;17;0
"480";"293320";28;0;27;1
"481";"293325";11;0;11;0
"482";"293330";1013;0;749;264
"483";"293340";37;0;37;0
"484";"293345";30;0;30;0
"485";"293350";44;0;44;0
"486";"293360";166;0;153;13
"487";"290150";6;0;6;0
"488";"290010";9;0;9;0
"489";"292467";17;0;17;0
"490";"291733";5;0;5;0
"491";"230020";66;0;66;0
"492";"230030";150;0;146;4
"493";"230040";30;0;30;0
"494";"230060";19;0;19;0
"495";"230070";33;0;33;0
"496";"230075";35;0;35;0
"497";"230080";16;0;16;0
"498";"230090";12;0;12;0
"499";"230100";40;0;40;0
"500";"230110";105;0;105;0
"501";"230120";66;0;66;0
"502";"230125";16;0;16;0
"503";"230130";42;0;42;0
"504";"230140";12;0;12;0
"505";"230150";16;0;16;0
"506";"230160";46;0;46;0
"507";"230170";89;0;89;0
"508";"230180";19;0;19;0
"509";"230185";17;0;17;0
"510";"230190";436;0;363;73
"511";"230195";25;0;25;0
"512";"230200";30;0;30;0
"513";"230210";71;0;45;26
"514";"230220";26;0;25;1
"515";"230230";30;0;30;0
"516";"230240";66;0;66;0
"517";"230250";245;0;220;25
"518";"230260";67;0;67;0
"519";"230270";83;0;83;0
"520";"230280";112;0;97;15
"521";"230290";18;0;18;0
"522";"230300";21;0;21;0
"523";"230320";29,5;0;29,5;0
"524";"230330";25;0;25;0
"525";"230340";16;0;16;0
"526";"230350";82;0;72;10
"527";"230360";18;0;18;0
"528";"230365";23;0;23;0
"529";"230370";278;0;278;0
"530";"230380";104;7;92;12
"531";"230390";29;0;29;0
"532";"230393";16;0;16;0
"533";"230395";11;0;11;0
"534";"230400";18;0;18;0
"535";"230410";191;0;136;55
"536";"230420";676;0;479;197
"537";"230423";36;0;36;0
"538";"230425";56;0;56;0
"539";"230426";12;0;12;0
"540";"230427";9;0;9;0
"541";"230428";68;0;54;14
"542";"230430";43;0;43;0
"543";"230435";3;0;3;0
"544";"230440";9519;0;6722;2797
"545";"230445";12;0;12;0
"546";"230450";31;0;31;0
"547";"230460";13;0;13;0
"548";"230470";32;0;32;0
"549";"230480";25;0;25;0
"550";"230490";24;0;20;4
"551";"230495";13;0;13;0
"552";"230500";47;0;47;0
"553";"230510";5;0;5;0
"554";"230520";17;0;17;0
"555";"230523";50;0;50;0
"556";"230526";21;0;21;0
"557";"230530";37;0;37;0
"558";"230535";14;0;14;0
"559";"230540";120;0;112;8
"560";"230550";177;0;128;49
"561";"230560";16;0;16;0
"562";"230565";18;0;18;0
"563";"230570";26;0;26;0
"564";"230580";159;0;83;76
"565";"230590";57;0;53;4
"566";"230600";29;0;29;0
"567";"230610";18;0;18;0
"568";"230620";14;0;14;0
"569";"230625";38;0;38;0
"570";"230630";35;0;35;0
"571";"230640";158;0;116;42
"572";"230650";29;0;29;0
"573";"230655";31;0;31;0
"574";"230670";16;0;16;0
"575";"230680";25;0;17;8
"576";"230690";35;0;30;5
"577";"230700";34;0;34;0
"578";"230710";64;0;30;34
"579";"230720";32;0;32;0
"580";"230725";17;0;0;17
"581";"230730";502;0;365;137
"582";"230740";65;0;65;0
"583";"230750";49;4;45;4
"584";"230760";241;0;173;68
"585";"230763";24;0;24;0
"586";"230765";258,5;0;242,5;16
"587";"230770";205;0;72;133
"588";"230780";33;0;33;0
"589";"230790";17;0;9;8
"590";"230800";30;0;30;0
"591";"230810";80;0;72;8
"592";"230820";17;0;17;0
"593";"230830";77;0;33;44
"594";"230835";21;0;21;0
"595";"230837";11;0;11;0
"596";"230840";72;0;72;0
"597";"230850";61;0;61;0
"598";"230860";27;0;25;2
"599";"230870";149;0;119;30
"600";"230880";12;0;12;0
"601";"230890";20;0;20;0
"602";"230900";40;0;40;0
"603";"230910";9;0;9;0
"604";"230920";20;0;20;0
"605";"230930";41,5;0;41,5;0
"606";"230940";20;0;20;0
"607";"230945";18;0;18;0
"608";"230950";53;0;53;0
"609";"230960";119;0;117;2
"610";"230970";23;0;23;0
"611";"230980";20;0;20;0
"612";"231000";7;0;7;0
"613";"231010";16;0;16;0
"614";"231020";53;0;48;5
"615";"231025";24;0;24;0
"616";"231030";35;0;35;0
"617";"231040";32;0;32;0
"618";"231050";65;0;65;0
"619";"231060";13;0;13;0
"620";"231070";51;0;51;0
"621";"231080";18;0;18;0
"622";"231085";14;0;14;0
"623";"231090";18;0;18;0
"624";"231100";21;0;21;0
"625";"231110";24;0;24;0
"626";"231120";18;0;18;0
"627";"231123";13;0;13;0
"628";"231126";12;0;12;0
"629";"231130";206;0;174;32
"630";"231135";25;0;25;0
"631";"231140";97;0;92;5
"632";"231150";28;0;28;0
"633";"231160";62;0;54;8
"634";"231170";28;0;28;0
"635";"231180";237;0;165;72
"636";"231190";35;0;35;0
"637";"231195";22;0;22;0
"638";"231200";40;0;40;0
"639";"231210";19;0;19;0
"640";"231220";49;0;49;0
"641";"231230";89;0;75;14
"642";"231240";33;0;33;0
"643";"231250";30;0;30;0
"644";"231260";20;0;20;0
"645";"231270";57;0;43;14
"646";"231280";7;0;7;0
"647";"231290";669;0;548;125
"648";"231300";38;0;38;0
"649";"231310";48;0;48;0
"650";"231320";41;0;41;0
"651";"231325";14;0;14;0
"652";"231330";81;0;79;2
"653";"231335";16;0;16;0
"654";"231340";62;0;48;14
"655";"231350";31;0;20;11
"656";"231355";13;0;13;0
"657";"231360";51;0;45;6
"658";"231370";20;0;20;0
"659";"231375";13;0;13;0
"660";"231380";18;0;18;0
"661";"231390";14;0;14;0
"662";"231395";20;0;20;0
"663";"231400";76;0;63;13
"664";"231410";69;0;69;0
"665";"530010";3694,5;0;2381,5;1301
"666";"530020";136;0;136;0
"667";"530040";469;0;324;149
"668";"530050";380;0;136;241
"669";"530060";594;0;531;61
"670";"530070";52;0;52;0
"671";"530080";43;0;0;43
"672";"530090";342;0;78,5;277,5
"673";"530100";20;0;0;20
"674";"530110";264;0;264;0
"675";"530120";215;0;190;25
"676";"530140";322;0;120,5;191
"677";"530150";340;0;308;50
"678";"530160";12;0;12;0
"679";"530170";241;0;239;2
"680";"530180";912;0;569;338
"681";"320010";50;0;36;14
"682";"320016";66;0;66;0
"683";"320020";58;0;40;18
"684";"320040";54;0;54;0
"685";"320050";30;0;30;0
"686";"320060";120;0;89;31
"687";"320070";13;0;13;0
"688";"320080";67;0;67;0
"689";"320090";104;0;79;25
"690";"320100";30;0;26;4
"691";"320120";1002,5;0;740,5;262
"692";"320130";402;0;269;133
"693";"320140";61;0;51;10
"694";"320150";465;0;228;237
"695";"320160";73;0;59;14
"696";"320170";23;0;23;0
"697";"320190";96;0;59;37
"698";"320210";78;0;46;32
"699";"320220";29;0;29;0
"700";"320230";75;0;62;13
"701";"320240";89;0;86;3
"702";"320245";50;0;41;9
"703";"320260";30;0;28;2
"704";"320270";40;0;36;4
"705";"320280";73;0;55;18
"706";"320290";36;0;31;5
"707";"320300";68;0;56;12
"708";"320305";22;0;22;0
"709";"320310";26;0;26;0
"710";"320313";46;0;36;10
"711";"320316";15;0;15;0
"712";"320320";274,5;0;208;83
"713";"320330";29;0;23;6
"714";"320340";36;0;32;4
"715";"320350";81;0;73;8
"716";"320360";19;0;19;0
"717";"320370";37;0;33;4
"718";"320380";96;0;96;0
"719";"320390";82;0;59;23
"720";"320400";50;0;50;0
"721";"320405";42;0;42;0
"722";"320410";34;0;30;4
"723";"320420";26;0;26;0
"724";"320435";28;0;28;0
"725";"320450";20;0;20;0
"726";"320455";49;0;46;3
"727";"320460";72;0;43;29
"728";"320470";129;0;89,5;39,5
"729";"320480";63;0;56;7
"730";"320490";168;0;153;15
"731";"320500";673;12;217;456
"732";"320503";30;0;30;0
"733";"320506";52;0;38;14
"734";"320520";1046,5;0;606;427,5
"735";"320530";2089;0;1425;664
"736";"520013";72;0;62;10
"737";"520015";20;0;9;11
"738";"520025";53;0;53;0
"739";"520030";39;0;39;0
"740";"520050";16;0;16;0
"741";"520060";40;0;40;0
"742";"520080";30;0;30;0
"743";"520085";39;0;35;4
"744";"520090";16;0;16;0
"745";"520110";1350;0;1070;287
"746";"520130";37;0;27;10
"747";"520140";869;0;718,5;158
"748";"520150";23;0;23;0
"749";"520160";16;0;16;0
"750";"520170";31;0;31;0
"751";"520180";16;0;16;0
"752";"520215";8;0;8;0
"753";"520235";25;0;25;0
"754";"520250";15;0;15;0
"755";"520260";19;0;14;5
"756";"520280";16;0;16;0
"757";"520320";39;0;39;0
"758";"520330";41,5;0;38;3,5
"759";"520340";37;0;27;10
"760";"520350";41;0;33;8
"761";"520355";20;0;20;0
"762";"520380";23;0;23;0
"763";"520390";34;0;25;9
"764";"520393";14;0;14;0
"765";"520400";16;0;16;0
"766";"520410";26;0;26;0
"767";"520425";16;0;16;0
"768";"520430";45;0;29;16
"769";"520440";58;0;52;6
"770";"520450";151;0;100;51
"771";"520465";19;0;19;0
"772";"520470";17;0;17;0
"773";"520480";6;0;6;0
"774";"520490";48;0;34;14
"775";"520495";36;0;35;1
"776";"520500";18;0;18;0
"777";"520505";15;0;15;0
"778";"520510";286,5;0;208,5;78
"779";"520520";18;0;18;0
"780";"520530";18;0;18;0
"781";"520540";278,5;0;136,5;138,5
"782";"520545";28;0;28;0
"783";"520547";14;0;14;0
"784";"520549";57;0;44;13
"785";"520551";35;0;35;0
"786";"520552";15;0;15;0
"787";"520570";16;0;16;0
"788";"520580";29;0;13;16
"789";"520590";28;0;28;0
"790";"520620";31;0;27;4
"791";"520630";23;0;23;0
"792";"520640";97;0;68;29
"793";"520650";6;0;6;0
"794";"520660";14;0;14;0
"795";"520670";13;0;13;0
"796";"520680";14;0;14;0
"797";"520710";26;0;26;0
"798";"520725";24;0;24;0
"799";"520735";10;0;10;0
"800";"520740";26;0;18;8
"801";"520750";17;0;17;0
"802";"520753";15;0;15;0
"803";"520760";28;0;28;0
"804";"520780";67;0;48;19
"805";"520790";7;0;7;0
"806";"520800";172;0;83;89
"807";"520810";18;0;18;0
"808";"520830";20;0;20;0
"809";"520840";35;0;35;0
"810";"520850";34;0;27;7
"811";"520860";199;0;155;44
"812";"520870";6365,5;0;3975,5;2379
"813";"520880";34;0;28;6
"814";"520890";122;0;83;39
"815";"520910";138;0;76;62
"816";"520960";19;0;19;0
"817";"520970";18;0;18;0
"818";"520980";29;0;29;0
"819";"520990";22;0;22;0
"820";"520993";16;0;16;0
"821";"520995";51;0;38;13
"822";"521000";390;0;173;217
"823";"521010";120;0;88;32
"824";"521020";154;0;76;78
"825";"521030";20;0;20;0
"826";"521040";70;0;63;7
"827";"521060";20;0;20;0
"828";"521080";20;0;20;0
"829";"521090";72;0;70;2
"830";"521100";40;0;36;4
"831";"521120";137;0;117;20
"832";"521130";14;0;14;0
"833";"521140";18;0;18;0
"834";"521150";250;0;155;95
"835";"521160";10;0;10;0
"836";"521170";15;0;15;0
"837";"521180";94;0;79;15
"838";"521190";219;0;160;59
"839";"521200";20;0;20;0
"840";"521210";15;0;15;0
"841";"521220";92;0;75;17
"842";"521230";29;0;21;8
"843";"521250";197;0;109;88
"844";"521260";18;0;18;0
"845";"521270";18;0;18;0
"846";"521280";31;0;27;4
"847";"521290";29;0;29;0
"848";"521295";14;0;14;0
"849";"521300";16;0;16;0
"850";"521308";83;0;29;54
"851";"521310";217;0;76;141
"852";"521350";15;0;15;0
"853";"521370";15;0;15;0
"854";"521375";34;0;34;0
"855";"521380";111;0;89;22
"856";"521385";17;0;17;0
"857";"521390";20;0;20;0
"858";"521400";44;0;38;6
"859";"521405";18;0;18;0
"860";"521410";19;0;19;0
"861";"521440";18;0;18;0
"862";"521450";123;0;78;45
"863";"521460";180;0;147;33
"864";"521483";32;0;29;8
"865";"521500";18;0;18;0
"866";"521520";27;0;27;0
"867";"521530";28;0;19;9
"868";"521550";26;0;26;0
"869";"521560";25;0;25;0
"870";"521565";19;0;19;0
"871";"521570";49;0;44;5
"872";"521580";14;0;14;0
"873";"521590";20;0;20;0
"874";"521630";24;0;24;0
"875";"521640";57;0;33;24
"876";"521680";23;0;17;6
"877";"521710";77;0;64;13
"878";"521720";87;0;71;16
"879";"521730";61;0;61;0
"880";"521740";88;18;66;22
"881";"521760";95;0;75;20
"882";"521770";52;0;24;28
"883";"521800";147;0;90;57
"884";"521805";16;0;6;10
"885";"521810";22;0;22;0
"886";"521830";52;0;50;2
"887";"521850";126;0;42;84
"888";"521860";25;0;25;0
"889";"521880";487;0;276;214
"890";"521890";74;0;66;8
"891";"521900";22;0;22;0
"892";"521910";15;0;15;0
"893";"521920";12;0;12;0
"894";"521925";15;0;15;0
"895";"521930";77;0;61;16
"896";"521950";16;0;16;0
"897";"521960";17;0;17;0
"898";"521970";43;0;43;0
"899";"521973";21;0;21;0
"900";"521975";85;0;85;0
"901";"521980";22;0;22;0
"902";"522000";76;0;26;50
"903";"522010";72;0;65;7
"904";"522020";86;0;71;15
"905";"522026";20;0;20;0
"906";"522040";41;0;41;0
"907";"522045";97;0;85;12
"908";"522050";20;0;20;0
"909";"522060";44;0;44;0
"910";"522068";16;0;16;0
"911";"522100";41;0;37;4
"912";"522140";575;0;451;124
"913";"522145";15;0;15;0
"914";"522150";37;0;21;12
"915";"522155";14;0;14;0
"916";"522160";113;0;80;33
"917";"522170";27;0;20;7
"918";"522185";38;0;1;37
"919";"522200";37;0;29;8
"920";"522205";39;0;34;5
"921";"522220";13;0;13;0
"922";"210005";346;0;133;213
"923";"210020";24;0;24;0
"924";"210030";52;0;52;0
"925";"210040";24;0;24;0
"926";"210047";72;0;72;0
"927";"210050";56;0;39;17
"928";"210060";61;0;61;0
"929";"210070";32;0;32;0
"930";"210080";16;0;16;0
"931";"210090";104;0;104;0
"932";"210095";58;0;58;0
"933";"210100";52;0;52;0
"934";"210110";20;0;20;0
"935";"210120";516;0;501;15
"936";"210130";39;0;39;0
"937";"210140";131;0;113;18
"938";"210150";31;0;31;0
"939";"210160";203;0;198;5
"940";"210170";56;0;56;0
"941";"210173";16;0;16;0
"942";"210180";50;0;50;0
"943";"210190";16;0;16;0
"944";"210200";36;0;36;0
"945";"210203";25;0;25;0
"946";"210210";98;0;98;0
"947";"210220";35;0;35;0
"948";"210230";72;0;72;0
"949";"210232";71;0;71;0
"950";"210235";55;0;55;0
"951";"210240";19;0;19;0
"952";"210250";12;0;12;0
"953";"210260";10;0;10;0
"954";"210270";59;0;59;0
"955";"210275";12;0;12;0
"956";"210280";54;0;53;1
"957";"210290";39;0;39;0
"958";"210300";328;0;321;7
"959";"210310";15;0;15;0
"960";"210312";19;0;19;0
"961";"210320";197;0;197;0
"962";"210325";26;0;21;5
"963";"210330";203;0;155;48
"964";"210340";167;0;100;67
"965";"210350";168;0;163;5
"966";"210360";102;0;102;0
"967";"210370";93;0;93;0
"968";"210375";9;0;9;0
"969";"210380";37;0;37;0
"970";"210390";26;0;26;0
"971";"210400";44;0;44;0
"972";"210405";80;0;80;0
"973";"210407";20;0;20;0
"974";"210409";13;0;13;0
"975";"210410";32;0;32;0
"976";"210420";17;0;17;0
"977";"210430";51;0;51;0
"978";"210440";29;0;29;0
"979";"210450";24;0;24;0
"980";"210455";13;0;13;0
"981";"210460";30;0;30;0
"982";"210462";22;0;22;0
"983";"210465";19;0;19;0
"984";"210467";204;0;200;4
"985";"210470";18;0;18;0
"986";"210480";119;0;116;3
"987";"210490";36;0;36;0
"988";"210500";30;0;30;0
"989";"210510";34;0;34;0
"990";"210515";37;0;37;0
"991";"210520";37;0;37;0
"992";"210530";1007;0;499;508
"993";"210540";78;0;78;0
"994";"210542";76;0;76;0
"995";"210550";60;0;60;0
"996";"210560";22;0;22;0
"997";"210570";142;0;111;31
"998";"210580";27;0;27;0
"999";"210590";45;0;45;0
"1000";"210596";13;0;13;0
"1001";"210600";38;0;38;0
"1002";"210610";22;0;22;0
"1003";"210620";2;0;2;0
"1004";"210630";16;0;16;0
"1005";"210632";40;0;20;20
"1006";"210640";23;0;23;0
"1007";"210650";25;0;25;0
"1008";"210660";45;0;45;0
"1009";"210667";9;0;9;0
"1010";"210670";25;0;25;0
"1011";"210675";44;0;44;0
"1012";"210680";20;0;20;0
"1013";"210690";31;0;31;0
"1014";"210700";54;0;54;0
"1015";"210710";52;0;52;0
"1016";"210720";20;0;20;0
"1017";"210725";14;0;14;0
"1018";"210730";13;0;13;0
"1019";"210735";41;0;41;0
"1020";"210740";44;0;44;0
"1021";"210745";38;0;38;0
"1022";"210750";63;0;63;0
"1023";"210760";81;0;81;0
"1024";"210770";48;0;48;0
"1025";"210780";50;0;50;0
"1026";"210790";118;0;118;0
"1027";"210800";67;0;67;0
"1028";"210810";39;0;39;0
"1029";"210820";182;0;120;62
"1030";"210825";34;0;34;0
"1031";"210830";69;0;69;0
"1032";"210840";27;0;27;0
"1033";"210850";42;0;42;0
"1034";"210860";133;0;128;5
"1035";"210870";36;0;36;0
"1036";"210880";22;0;22;0
"1037";"210890";37;0;37;0
"1038";"210900";47;0;47;0
"1039";"210910";225;0;201;24
"1040";"210920";15;0;15;0
"1041";"210930";22;0;22;0
"1042";"210940";40;0;40;0
"1043";"210945";32;0;32;0
"1044";"210950";50;0;50;0
"1045";"210960";123;0;113;10
"1046";"210970";9;0;9;0
"1047";"210975";17;0;17;0
"1048";"210980";49;0;49;0
"1049";"210990";201;0;178;23
"1050";"211000";150;0;150;0
"1051";"211003";77;0;74;3
"1052";"211010";42;0;42;0
"1053";"211020";63;0;63;0
"1054";"211027";26;0;26;0
"1055";"211030";177;80;177;0
"1056";"211040";24;0;24;0
"1057";"211050";52;0;52;0
"1058";"211060";47;0;47;0
"1059";"211070";30;0;22;8
"1060";"211080";18;0;18;0
"1061";"211085";24;0;24;0
"1062";"211090";18;0;18;0
"1063";"211100";50;0;50;0
"1064";"211102";35;0;35;0
"1065";"211110";115;0;109;6
"1066";"211120";36;0;36;0
"1067";"211125";13;0;13;0
"1068";"211130";4202,5;0;3236,5;946
"1069";"211140";168;0;159;9
"1070";"211150";91;0;91;0
"1071";"211153";26;0;26;0
"1072";"211160";23;0;23;0
"1073";"211170";48;0;48;0
"1074";"211172";36;0;36;0
"1075";"211174";17;0;17;0
"1076";"211176";44;0;44;0
"1077";"211180";62;0;62;0
"1078";"211190";20;0;20;0
"1079";"211200";10;0;10;0
"1080";"211210";37;0;37;0
"1081";"211220";223;0;206;17
"1082";"211223";36;0;36;0
"1083";"211230";192;0;192;0
"1084";"211240";52;0;52;0
"1085";"211250";49;0;49;0
"1086";"211260";46;0;46;0
"1087";"211270";42;0;42;0
"1088";"211280";143;0;136;7
"1089";"211285";21;0;21;0
"1090";"211290";55;0;55;0
"1091";"211300";44;0;44;0
"1092";"211400";317;0;182;135
"1093";"211065";21;0;21;0
"1094";"210535";16;0;16;0
"1095";"210594";19;0;19;0
"1096";"310010";18;0;12;6
"1097";"310020";49;0;44;5
"1098";"310030";64;0;54;10
"1099";"310060";34;0;34;0
"1100";"310090";75;0;65;10
"1101";"310100";42;0;42;0
"1102";"310110";55;0;46;9
"1103";"310120";27;0;27;0
"1104";"310130";13;0;13;0
"1105";"310150";122;0;105;17
"1106";"310160";453;0;217;236
"1107";"310170";144;0;71;73
"1108";"310190";40;0;36;4
"1109";"310200";33;0;28;5
"1110";"310210";26;0;26;0
"1111";"310230";55;0;48;7
"1112";"310260";93;0;75;18
"1113";"310270";30;0;30;0
"1114";"310280";59;0;56;3
"1115";"310290";12;0;12;0
"1116";"310340";80;0;63;17
"1117";"310350";200;0;131;69
"1118";"310375";13;0;13;0
"1119";"310400";320;0;237;83
"1120";"310420";73;0;48;25
"1121";"310430";27;0;18;9
"1122";"310450";26;0;26;0
"1123";"310460";36;0;33;3
"1124";"310470";50;0;50;0
"1125";"310490";92;0;86;6
"1126";"310510";361;0;348;13
"1127";"310530";22;0;15;7
"1128";"310540";32;0;32;0
"1129";"310560";1158;0;823;335
"1130";"310590";53;0;44;9
"1131";"310620";10479,5;117;6202;4236
"1132";"310630";36;0;36;0
"1133";"310640";33;0;33;0
"1134";"310650";44;0;44;0
"1135";"310670";606;0;540;66
"1136";"310690";34;0;28;6
"1137";"310710";71;0;55;16
"1138";"310730";62;0;62;0
"1139";"310740";93;0;62;31
"1140";"310750";22;0;22;0
"1141";"310760";16;0;16;0
"1142";"310780";50;0;50;0
"1143";"310800";65;0;50;15
"1144";"310820";7;0;7;0
"1145";"310830";61;0;36;25
"1146";"310840";36;0;27;9
"1147";"310860";98;0;96;2
"1148";"310890";42;0;26;16
"1149";"310900";35;0;35;0
"1150";"310910";57;0;45;12
"1151";"310930";29;0;23;6
"1152";"310940";40;0;40;0
"1153";"310950";47;0;38;9
"1154";"310990";48;0;42;6
"1155";"311000";60;0;51;9
"1156";"311030";47;0;28;19
"1157";"311050";37;0;25;12
"1158";"311060";70;0;52;18
"1159";"311070";54;0;43;11
"1160";"311090";40;0;35;5
"1161";"311100";41;0;37;4
"1162";"311110";35;0;23;12
"1163";"311120";92;0;67;25
"1164";"311130";28;0;28;0
"1165";"311150";40;0;37;3
"1166";"311160";49;0;38;11
"1167";"311180";21;0;14;7
"1168";"311200";23;0;22;1
"1169";"311230";64;0;55;9
"1170";"311240";11;0;11;0
"1171";"311250";23;0;21;2
"1172";"311260";20;0;17;3
"1173";"311270";21;0;21;0
"1174";"311280";29;0;25;4
"1175";"311300";27;0;27;0
"1176";"311320";53;0;48;5
"1177";"311330";191;0;138;53
"1178";"311340";157;0;155;2
"1179";"311350";21;0;21;0
"1180";"311360";21;0;21;0
"1181";"311370";45;0;45;0
"1182";"311380";10;0;10;0
"1183";"311390";43;0;43;0
"1184";"311400";41;0;41;0
"1185";"311410";21;0;19;2
"1186";"311430";82;0;67;15
"1187";"311440";44;0;40;4
"1188";"311450";39;0;28;11
"1189";"311460";19;0;19;0
"1190";"311480";17;0;17;0
"1191";"311510";37;0;27;10
"1192";"311530";193;0;124;69
"1193";"311550";44;0;38;6
"1194";"311570";35;0;27;8
"1195";"311580";13;0;13;0
"1196";"311630";18;0;18;0
"1197";"311660";42;0;37;5
"1198";"311680";38;0;38;0
"1199";"311710";20;0;20;0
"1200";"311730";29;0;22;7
"1201";"311740";23;0;23;0
"1202";"311750";42;0;42;0
"1203";"311770";37;0;30;7
"1204";"311787";45;0;0;45
"1205";"311800";77;0;62;15
"1206";"311820";29;0;29;0
"1207";"311830";286;0;211;75
"1208";"311840";34;0;31;3
"1209";"311860";565;0;371;194
"1210";"311880";32;0;32;0
"1211";"311890";16;0;16;0
"1212";"311930";41;0;32;9
"1213";"311940";162,5;0;84;78,5
"1214";"312020";26;0;26;0
"1215";"312050";39;0;39;0
"1216";"312080";66;0;56;10
"1217";"312090";175;0;123;52
"1218";"312100";21;0;21;0
"1219";"312120";20;0;18;2
"1220";"312160";164;0;140;24
"1221";"312180";12;0;12;0
"1222";"312200";39;0;39;0
"1223";"312210";26;0;26;0
"1224";"312230";563;0;278;285
"1225";"312245";19;0;19;0
"1226";"312260";26;0;26;0
"1227";"312270";42;0;42;0
"1228";"312320";43;0;38;5
"1229";"312360";44;0;38;6
"1230";"312390";54;0;44;10
"1231";"312400";49;0;49;0
"1232";"312410";60;0;60;0
"1233";"312420";47;0;43;4
"1234";"312430";68;0;32;36
"1235";"312450";25;0;20;5
"1236";"312470";20;0;16;4
"1237";"312480";16;0;16;0
"1238";"312490";33;0;32;1
"1239";"312510";39;0;27;12
"1240";"312560";51;0;42;9
"1241";"312570";19;0;19;0
"1242";"312590";32;0;27;5
"1243";"312595";22;0;22;0
"1244";"312610";106;0;66;40
"1245";"312620";10;0;10;0
"1246";"312670";83;28;78;5
"1247";"312690";28;0;28;0
"1248";"312710";83;0;45;38
"1249";"312730";20;0;18;2
"1250";"312760";48;0;46;2
"1251";"312770";631;0;444;187
"1252";"312780";51;0;48;3
"1253";"312800";62;0;62;0
"1254";"312810";29;0;29;0
"1255";"312820";23;0;23;0
"1256";"312830";51;0;40;11
"1257";"312840";41;0;38;3
"1258";"312860";20;0;20;0
"1259";"312870";101;0;67;34
"1260";"312910";27;0;27;0
"1261";"312940";33;0;31;2
"1262";"312950";46;0;46;0
"1263";"312970";20;0;17;3
"1264";"312980";34;0;34;0
"1265";"313030";46;0;36;10
"1266";"313050";30;0;28;2
"1267";"313090";56,5;0;47;9,5
"1268";"313120";41;0;37;4
"1269";"313130";627;0;482;145
"1270";"313140";7;0;7;0
"1271";"313150";19;0;16;3
"1272";"313170";210;0;143;67
"1273";"313180";37;0;37;0
"1274";"313190";56;0;50;6
"1275";"313210";56;0;56;0
"1276";"313220";38;0;31;7
"1277";"313230";28;0;28;0
"1278";"313240";247;0;185;61,5
"1279";"313250";109;0;105;4
"1280";"313270";99,5;0;80;19
"1281";"313290";29;0;24;5
"1282";"313300";50;0;41;9
"1283";"313310";78;0;60;18
"1284";"313320";22;0;20;2
"1285";"313330";66;0;61;5
"1286";"313340";20;0;20;0
"1287";"313350";61;0;50;11
"1288";"313375";34;0;20;14
"1289";"313380";102;0;72;30
"1290";"313400";30;0;0;30
"1291";"313420";203;0;125;78
"1292";"313440";52;0;52;0
"1293";"313460";30;0;30;0
"1294";"313470";38;0;38;0
"1295";"313480";16;0;14;2
"1296";"313490";42;0;30;12
"1297";"313505";25;0;25;0
"1298";"313510";86;0;81;5
"1299";"313520";63;0;63;0
"1300";"313540";26;0;25;1
"1301";"313550";15;0;15;0
"1302";"313580";84;0;51;33
"1303";"313600";51;0;51;0
"1304";"313620";103;0;70;33
"1305";"313630";50;0;50;0
"1306";"313640";28;0;23;5
"1307";"313650";53;0;52;1
"1308";"313670";2971,5;0;2077;894
"1309";"313680";36;0;36;0
"1310";"313690";19;0;17;2
"1311";"313700";19;0;19;0
"1312";"313710";11;0;11;0
"1313";"313720";65;0;59;6
"1314";"313750";25;0;23;2
"1315";"313760";79;0;41;38
"1316";"313770";51;0;41;10
"1317";"313780";50;0;45;5
"1318";"313790";7;0;7;0
"1319";"313800";32;0;31;1
"1320";"313820";469;0;357;112
"1321";"313840";294;0;223;71
"1322";"313850";25;0;25;0
"1323";"313860";55;0;52;3
"1324";"313880";50;0;35;15
"1325";"313890";48;0;48;0
"1326";"313900";60;0;45;15
"1327";"313920";58;0;57;1
"1328";"313930";33;0;33;0
"1329";"313940";185;0;155;30
"1330";"313950";137;0;96;41
"1331";"313960";128;0;71;57
"1332";"313980";43;0;36;7
"1333";"313990";32;0;24;8
"1334";"314000";62;0;51;11
"1335";"314050";20;0;18;2
"1336";"314070";61;0;43;18
"1337";"314090";36;0;34;2
"1338";"314100";11;0;11;0
"1339";"314110";62;0;41;21
"1340";"314120";16;0;16;0
"1341";"314140";67;0;63;4
"1342";"314150";18;0;18;0
"1343";"314160";66;0;62;4
"1344";"314180";73;0;70;3
"1345";"314190";24;0;24;0
"1346";"314200";28;0;28;0
"1347";"314210";52;0;52;0
"1348";"314220";43;0;40;3
"1349";"314240";26;0;26;0
"1350";"314260";27;0;26;1
"1351";"314270";46;0;44;2
"1352";"314280";22;0;18;4
"1353";"314290";43;0;37;6
"1354";"314300";26;0;25;1
"1355";"314310";92;0;82;10
"1356";"314320";54;0;44;10
"1357";"314330";1029;0;802;227
"1358";"314350";19;0;18;1
"1359";"314370";13;0;11;2
"1360";"314390";520;0;411;109
"1361";"314400";79;0;69;10
"1362";"314410";53;0;35;18
"1363";"314430";164;0;51;113
"1364";"314440";19;0;17;2
"1365";"314450";13;0;11;2
"1366";"314460";47;0;42;5
"1367";"314470";67;0;49;18
"1368";"314480";152;0;63;89
"1369";"314500";16;0;16;0
"1370";"314510";26;0;26;0
"1371";"314520";47;0;41;6
"1372";"314530";44;0;44;0
"1373";"314560";80;0;63;17
"1374";"314590";65;0;26;39
"1375";"314600";65;0;46;19
"1376";"314610";106;0;77;29
"1377";"314630";35,5;0;35,5;0
"1378";"314640";12;0;12;0
"1379";"314650";24;0;24;0
"1380";"314670";41;0;34;7
"1381";"314700";103;0;60;43
"1382";"314710";117;0;84;32
"1383";"314720";36;0;27;9
"1384";"314730";67;0;61;6
"1385";"314740";26;0;23;3
"1386";"314750";17;0;15;2
"1387";"314760";46;0;46;0
"1388";"314770";28;0;24;4
"1389";"314790";482;0;300;173
"1390";"314800";384;0;237;147
"1391";"314810";194;0;112;82
"1392";"314820";20;0;20;0
"1393";"314850";34;0;34;0
"1394";"314860";83;0;74;9
"1395";"314870";66;0;60;6
"1396";"314910";15;0;14;1
"1397";"314920";13;0;13;0
"1398";"314930";103;0;57;46
"1399";"314980";21;0;21;0
"1400";"314990";50;0;42;8
"1401";"315030";16;0;16;0
"1402";"315050";18;0;16;2
"1403";"315080";86;0;78;8
"1404";"315110";49;0;44;5
"1405";"315120";186;0;83;103
"1406";"315130";23;0;23;0
"1407";"315140";51;0;41;10
"1408";"315150";114;0;92;22
"1409";"315170";42;0;30;12
"1410";"315180";534;0;285;248
"1411";"315190";27;0;27;0
"1412";"315200";27;0;23;4
"1413";"315210";252;0;157;95
"1414";"315220";48;0;43;5
"1415";"315230";29;0;29;0
"1416";"315240";31;0;30;1
"1417";"315250";332;0;198;134
"1418";"315260";32;0;30;2
"1419";"315270";30;0;27;3
"1420";"315280";33;0;25;8
"1421";"315290";28;0;28;0
"1422";"315310";13;0;13;0
"1423";"315340";20;0;20;0
"1424";"315400";50;0;35;15
"1425";"315410";41;0;36;5
"1426";"315420";77;0;59;18
"1427";"315430";63;0;54;9
"1428";"315445";11;0;11;0
"1429";"315460";108;0;97;11
"1430";"315470";17;0;16;1
"1431";"315490";40;0;31;9
"1432";"315510";9;0;9;0
"1433";"315520";26;0;26;0
"1434";"315540";25;0;21;4
"1435";"315550";21;0;21;0
"1436";"315560";40;0;40;0
"1437";"315570";43;0;33;10
"1438";"315580";68;0;68;0
"1439";"315590";26;0;23;3
"1440";"315600";32;0;32;0
"1441";"315640";14;0;14;0
"1442";"315660";59;0;56;3
"1443";"315670";159;0;152;7
"1444";"315680";54;0;54;0
"1445";"315690";50;0;39;11
"1446";"315700";76;0;52;24
"1447";"315710";57;0;50;7
"1448";"315720";53;0;41;12
"1449";"315770";30;0;30;0
"1450";"315780";126;0;113;13
"1451";"315790";31;0;31;0
"1452";"315800";24;0;20;4
"1453";"315810";6;0;6;0
"1454";"315820";41;0;38;3
"1455";"315920";10;0;9;1
"1456";"315930";22;0;16;6
"1457";"315960";62;0;45;17
"1458";"315980";32;0;25;7
"1459";"315990";55;0;46;9
"1460";"316030";8;0;0;8
"1461";"316040";82;0;67;15
"1462";"316070";73;0;55;18
"1463";"316100";49;0;35;14
"1464";"316110";66;0;66;0
"1465";"316130";7;0;7;0
"1466";"316200";89;0;62;27
"1467";"316210";52;0;32;20
"1468";"316220";30;0;30;0
"1469";"316240";37;0;37;0
"1470";"316250";263;0;186;77
"1471";"316257";12;0;12;0
"1472";"316270";55;0;48;7
"1473";"316280";49;0;44;5
"1474";"316290";51;0;43;8
"1475";"316370";109;0;76;33
"1476";"316390";10;0;10;0
"1477";"316400";40;0;40;0
"1478";"316420";18;0;18;0
"1479";"316430";12;0;12;0
"1480";"316470";330;0;257;73
"1481";"316500";45;0;35;10
"1482";"316510";30;0;10;20
"1483";"316530";33;0;23;10
"1484";"316570";35;0;28;7
"1485";"316680";16;0;16;0
"1486";"316690";14;0;13;1
"1487";"316710";56;0;37;19
"1488";"316720";273;0;192;81
"1489";"316740";47;0;33;14
"1490";"316800";90;0;82;8
"1491";"316840";27;0;27;0
"1492";"316850";15;0;15;0
"1493";"316860";344;0;272;72
"1494";"316870";77;0;53;24
"1495";"316890";17;0;17;0
"1496";"316920";60;0;45;15
"1497";"316930";257;0;225;32
"1498";"316935";51;0;44;7
"1499";"316940";119;0;102;17
"1500";"316960";19;0;14;5
"1501";"316970";57;0;54;3
"1502";"316990";571;0;481;90
"1503";"317010";933;0;642;291
"1504";"317020";1286;0;811;475
"1505";"317040";180;0;48;132
"1506";"317043";15;0;15;0
"1507";"317052";36;0;36;0
"1508";"317070";342;0;221;121
"1509";"317080";110;0;110;0
"1510";"317090";27;0;27;0
"1511";"317100";32;0;32;0
"1512";"317120";72;0;65;7
"1513";"317130";225;0;133;92
"1514";"317160";46;0;46;0
"1515";"317170";40;0;38;2
"1516";"317180";74;0;70;4
"1517";"317200";203;0;175;28
"1518";"317210";13;0;12;1
"1519";"500020";11;0;11;0
"1520";"500060";118;0;45;73
"1521";"500070";26;0;24;2
"1522";"500080";44;0;8;36
"1523";"500085";26;0;6;20
"1524";"500090";7;0;7;0
"1525";"500100";93;0;39;55
"1526";"500110";165;0;130;35
"1527";"500124";16;0;16;0
"1528";"500150";12;0;12;0
"1529";"500190";35;0;15;20
"1530";"500200";24;0;11;13
"1531";"500210";31;0;23;8
"1532";"500215";8;0;8;0
"1533";"500220";26;0;22;4
"1534";"500230";20;0;11;9
"1535";"500240";30;0;18;12
"1536";"500260";18;0;15;3
"1537";"500270";2661;0;1619;1040
"1538";"500280";9;0;5;4
"1539";"500290";64;0;49;15
"1540";"500295";18;0;18;0
"1541";"500310";6;0;6;0
"1542";"500315";9;0;9;0
"1543";"500320";190;0;150;40
"1544";"500325";52;0;33;19
"1545";"500330";65;0;65;0
"1546";"500345";56;0;50;6
"1547";"500348";9;0;9;0
"1548";"500370";607,5;0;399,5;212,5
"1549";"500375";46;0;30;16
"1550";"500380";115;0;71;44
"1551";"500390";13;0;13;0
"1552";"500400";36;0;8;28
"1553";"500410";26;0;12;14
"1554";"500430";56;0;43;13
"1555";"500440";8;0;8;0
"1556";"500450";15;0;15;0
"1557";"500460";35;0;15;20
"1558";"500470";48;0;27;21
"1559";"500500";43;0;27;16
"1560";"500510";23;0;4;19
"1561";"500515";5;0;5;0
"1562";"500520";38;0;0;38
"1563";"500525";7;0;7;0
"1564";"500540";52;0;46;6
"1565";"500560";36;0;24;12
"1566";"500568";67;0;47;20
"1567";"500570";99;0;86;11
"1568";"500580";32;0;15;17
"1569";"500600";10;0;10;0
"1570";"500620";81;0;76;3,5
"1571";"500625";15;0;6;9
"1572";"500630";197;0;142;55
"1573";"500635";10;0;10;0
"1574";"500640";8;0;8;0
"1575";"500660";107;0;74;33
"1576";"500690";20;0;20;0
"1577";"500710";16;0;16;0
"1578";"500720";43;0;38;5
"1579";"500730";26;0;7;19
"1580";"500740";60;0;52;8
"1581";"500750";8;0;8;0
"1582";"500755";11;0;11;0
"1583";"500769";58;0;34;24
"1584";"500770";64;0;49;15
"1585";"500780";6;0;6;0
"1586";"500790";44;0;32;12
"1587";"500793";22;0;10;12
"1588";"500795";8;0;8;0
"1589";"500797";4;0;4;0
"1590";"500830";309;0;191;118
"1591";"500840";5;0;5;0
"1592";"510020";111;0;50;61
"1593";"510025";116;0;72;44
"1594";"510030";106;0;87;19
"1595";"510060";13;0;13;0
"1596";"510080";33;0;33;0
"1597";"510100";15;0;0;15
"1598";"510125";19;0;16;3
"1599";"510130";24;0;23;1
"1600";"510140";30;0;30;0
"1601";"510160";12;0;12;0
"1602";"510170";86;0;86;0
"1603";"510180";125;0;63;62
"1604";"510190";31;0;31;0
"1605";"510250";237;0;212;25
"1606";"510260";21;0;21;0
"1607";"510263";29;0;24;5
"1608";"510267";56;0;52;4
"1609";"510268";17;0;17;0
"1610";"510270";40;0;17;23
"1611";"510279";20;0;20;0
"1612";"510300";40;0;40;0
"1613";"510305";23;0;14;9
"1614";"510310";16;0;16;0
"1615";"510320";128;0;81;47
"1616";"510325";21;0;21;0
"1617";"510330";42;0;31;11
"1618";"510335";43;0;43;0
"1619";"510337";34;0;34;0
"1620";"510340";1908;97;1172;729
"1621";"510345";24;0;24;0
"1622";"510350";51;0;43;8
"1623";"510360";20;0;15;5
"1624";"510385";12;0;12;0
"1625";"510390";16;0;16;0
"1626";"510410";51;0;36;15
"1627";"510420";21;0;17;4
"1628";"510455";16;0;16;0
"1629";"510460";21;0;21;0
"1630";"510480";61;0;30;31
"1631";"510500";38;0;33;5
"1632";"510510";85;0;58;27
"1633";"510515";140;0;96;44
"1634";"510517";20;0;20;0
"1635";"510520";17;0;13;4
"1636";"510525";77;0;46;31
"1637";"510550";28;0;24;4
"1638";"510558";22;0;22;0
"1639";"510560";58;0;26;32
"1640";"510562";63;0;51;12
"1641";"510590";43;0;36;7
"1642";"510600";25;0;20;5
"1643";"510610";17;0;17;0
"1644";"510615";15;0;15;0
"1645";"510620";22;0;17;5
"1646";"510621";27;0;21;6
"1647";"510622";41;0;34;7
"1648";"510623";45;0;21;24
"1649";"510625";46;0;25;21
"1650";"510627";17;0;17;0
"1651";"510628";26;0;26;0
"1652";"510629";25;0;19;6
"1653";"510630";35;0;26;9
"1654";"510637";28;0;28;0
"1655";"510642";66;0;66;0
"1656";"510650";66;0;60;6
"1657";"510670";21;0;21;0
"1658";"510675";82,5;0;50,5;32
"1659";"510677";18;0;18;0
"1660";"510680";22;0;22;0
"1661";"510700";91;0;77;14
"1662";"510704";83;0;50;33
"1663";"510706";27;0;23;4
"1664";"510710";30;0;24;6
"1665";"510718";28;0;28;0
"1666";"510719";15;0;15;0
"1667";"510720";20;0;20;0
"1668";"510730";43;0;39;4
"1669";"510735";18;0;16;2
"1670";"510760";462;0;373;89
"1671";"510770";64;0;56;8
"1672";"510775";14;0;14;0
"1673";"510777";17;0;17;0
"1674";"510780";25;0;25;0
"1675";"510785";40;0;40;0
"1676";"510787";52;0;43;9
"1677";"510790";189;0;71;118
"1678";"510792";150;0;128;22
"1679";"510794";22;0;16;6
"1680";"510795";206;0;124;82
"1681";"510800";22;0;22;0
"1682";"510805";38;0;38;0
"1683";"510810";16;0;16;0
"1684";"510820";23;0;22;1
"1685";"510840";459;0;305;154
"1686";"510850";30;0;0;30
"1687";"510860";24;0;19;5
"1688";"510890";18;0;18;0
"1689";"510895";13;0;13;0
"1690";"150010";263;0;226;37
"1691";"150013";16;0;16;0
"1692";"150020";33;0;33;0
"1693";"150030";30;0;30;0
"1694";"150034";43;0;43;0
"1695";"150040";105;0;98;7
"1696";"150050";112;0;112;0
"1697";"150060";384;0;341;43
"1698";"150070";21;0;21;0
"1699";"150080";1204;0;1013,5;190
"1700";"150085";15;0;15;0
"1701";"150090";77;0;57;20
"1702";"150095";66;0;66;0
"1703";"150120";30,5;0;30,5;0
"1704";"150125";11;0;11;0
"1705";"150130";119;0;85,5;33
"1706";"150140";4946;0;2638;2303
"1707";"150145";19;0;19;0
"1708";"150150";142;0;137;5
"1709";"150157";31;0;31;0
"1710";"150170";465;0;354;87
"1711";"150172";44;0;40;4
"1712";"150175";24;0;24;0
"1713";"150178";45;0;24;21
"1714";"150180";85;0;80;0
"1715";"150190";36;0;29;7
"1716";"150200";17;0;17;0
"1717";"150210";184;0;157;27
"1718";"150215";44;0;26;18
"1719";"150220";401;0;343,5;75
"1720";"150230";175;0;140;35
"1721";"150240";377;0;341;36
"1722";"150250";9;0;9;0
"1723";"150270";178;0;162;16
"1724";"150275";15;0;15;0
"1725";"150276";11;0;11;0
"1726";"150277";50;0;50;0
"1727";"150280";25;0;25;0
"1728";"150290";28;0;28;0
"1729";"150293";124;0;121;3
"1730";"150295";79;0;75;4
"1731";"150300";10;0;10;0
"1732";"150304";17;0;17;0
"1733";"150309";60;0;53;7
"1734";"150310";24;0;24;0
"1735";"150320";36;0;36;0
"1736";"150330";165;0;165;0
"1737";"150340";20;0;20;0
"1738";"150345";51;0;34;17
"1739";"150350";30;0;16;14
"1740";"150360";437;0;275;162
"1741";"150370";60;0;53;7
"1742";"150375";24;0;24;0
"1743";"150380";154;0;134;20
"1744";"150390";54;0;54;0
"1745";"150400";21;0;21;0
"1746";"150405";110;0;75;35
"1747";"150420";335;0;262,5;73
"1748";"150430";36;0;36;0
"1749";"150440";22;0;22;0
"1750";"150442";185;0;128;57
"1751";"150445";41;0;41;0
"1752";"150460";28;0;28;0
"1753";"150470";52;0;52;0
"1754";"150480";98,5;0;66,5;32
"1755";"150490";26;0;26;0
"1756";"150495";30;0;25;5
"1757";"150497";13;0;13;0
"1758";"150503";42,5;0;34,5;8
"1759";"150506";56;0;56;0
"1760";"150510";62;0;58;4
"1761";"150520";15;0;15;0
"1762";"150530";76;0;64;12
"1763";"150540";24,5;0;24,5;0
"1764";"150543";52;0;50;2
"1765";"150548";31,5;0;31,5;0
"1766";"150549";21;0;21;0
"1767";"150550";174;0;85;89
"1768";"150553";252,5;0;100;157
"1769";"150555";22;0;22;0
"1770";"150563";12;0;12;0
"1771";"150565";31;0;31;0
"1772";"150570";10;0;10;0
"1773";"150580";20;0;20;0
"1774";"150590";41,5;0;41,5;0
"1775";"150600";19;0;19;0
"1776";"150613";295;0;235;60
"1777";"150616";81;0;30;51
"1778";"150618";144;0;138;6
"1779";"150619";29;0;29;0
"1780";"150620";74;0;74;0
"1781";"150630";20;0;20;0
"1782";"150640";15;0;15;0
"1783";"150650";130;0;130;0
"1784";"150658";16;0;16;0
"1785";"150660";57;0;55;2
"1786";"150670";97,5;0;97,5;0
"1787";"150680";591;0;440;156
"1788";"150700";80;0;69;11
"1789";"150710";20;0;20;0
"1790";"150715";45,5;0;40,5;5
"1791";"150720";32;0;32;0
"1792";"150730";100;0;93;7
"1793";"150745";41;0;41;0
"1794";"150747";69;0;60;9
"1795";"150750";16;0;16;0
"1796";"150760";164;0;150;14
"1797";"150770";44;0;44;0
"1798";"150775";10;0;10;0
"1799";"150790";49;0;49;0
"1800";"150795";49;0;49;0
"1801";"150797";21;0;21;0
"1802";"150800";63;0;53;10
"1803";"150803";16;0;16;0
"1804";"150805";21;0;21;0
"1805";"150808";120;0;79,5;36
"1806";"150810";352;0;247;105
"1807";"150812";92;0;92;0
"1808";"150815";55,5;0;55,5;0
"1809";"150820";35;0;35;0
"1810";"150830";72;0;47;25
"1811";"150835";10;0;10;0
"1812";"150840";132;0;86;46
"1813";"150780";16;0;16;0
"1814";"150450";16;0;16;0
"1815";"150100";15;0;15;0
"1816";"250010";20;0;20;0
"1817";"250020";10;0;10;0
"1818";"250030";46;0;46;0
"1819";"250040";30;0;30;0
"1820";"250060";15;0;15;0
"1821";"250070";53;0;40;13
"1822";"250080";16;0;16;0
"1823";"250090";13;0;13;0
"1824";"250100";76;0;76;0
"1825";"250110";36;0;36;0
"1826";"250130";41;0;41;0
"1827";"250150";37;0;37;0
"1828";"250157";11;0;11;0
"1829";"250160";20;0;20;0
"1830";"250180";14;0;14;0
"1831";"250190";37;0;37;0
"1832";"250200";8;0;8;0
"1833";"250230";16;0;16;0
"1834";"250240";21;0;20;1
"1835";"250250";32;0;32;0
"1836";"250260";22;0;22;0
"1837";"250280";25;0;25;0
"1838";"250290";18;0;18;0
"1839";"250300";38;0;38;0
"1840";"250320";49;0;35;14
"1841";"250330";20;0;20;0
"1842";"250340";5;0;5;0
"1843";"250350";20;0;20;0
"1844";"250360";12;0;12;0
"1845";"250370";243;0;208;35
"1846";"250400";2048;16;1636;412
"1847";"250420";2;0;2;0
"1848";"250430";83;0;83;0
"1849";"250460";59;0;59;0
"1850";"250470";17;0;17;0
"1851";"250480";35;0;35;0
"1852";"250500";16;0;16;0
"1853";"250510";56;0;48;8
"1854";"250540";43;0;43;0
"1855";"250560";1;1;1;0
"1856";"250570";17;0;17;0
"1857";"250600";81;0;68;13
"1858";"250610";16;0;16;0
"1859";"250620";26;0;26;0
"1860";"250630";186;0;159;27
"1861";"250640";29;0;29;0
"1862";"250650";15;0;15;0
"1863";"250670";17;0;17;0
"1864";"250680";106;0;106;0
"1865";"250690";87;0;87;0
"1866";"250700";49;0;49;0
"1867";"250730";30;0;29;1
"1868";"250740";12;0;12;0
"1869";"250750";3396;0;2486,5;907
"1870";"250770";39;0;39;0
"1871";"250780";14;0;14;0
"1872";"250790";12;0;12;0
"1873";"250800";16;0;16;0
"1874";"250810";9;0;9;0
"1875";"250820";13;0;13;0
"1876";"250830";30;0;30;0
"1877";"250840";10;0;10;0
"1878";"250860";2;0;2;0
"1879";"250870";23;0;23;0
"1880";"250890";36;0;36;0
"1881";"250910";50;0;50;0
"1882";"250915";17;0;17;0
"1883";"250920";54;0;52;2
"1884";"250970";42;0;42;0
"1885";"250980";12;0;12;0
"1886";"250990";19;0;19;0
"1887";"251010";28;0;28;0
"1888";"251020";22;0;22;0
"1889";"251040";21;0;21;0
"1890";"251080";269;0;227;42
"1891";"251100";1;0;1;0
"1892";"251110";28;0;28;0
"1893";"251120";48;0;48;0
"1894";"251130";112;0;112;0
"1895";"251140";118,5;0;118,5;0
"1896";"251150";17;0;17;0
"1897";"251180";17;0;17;0
"1898";"251200";57;0;57;0
"1899";"251210";87;0;87;0
"1900";"251230";61;0;57;4
"1901";"251240";23;0;23;0
"1902";"251260";16;0;16;0
"1903";"251270";89;0;85;4
"1904";"251280";8;0;8;0
"1905";"251290";60;0;60;0
"1906";"251320";18;0;18;0
"1907";"251330";20;0;20;0
"1908";"251340";51;0;51;0
"1909";"251350";9;0;9;0
"1910";"251370";162;0;162;0
"1911";"251380";8;0;8;0
"1912";"251385";3;0;3;0
"1913";"251390";29;0;29;0
"1914";"251400";12;0;12;0
"1915";"251420";3;0;3;0
"1916";"251430";16;0;16;0
"1917";"251450";23;0;23;0
"1918";"251490";26;0;26;0
"1919";"251530";58;0;58;0
"1920";"251540";36;0;36;0
"1921";"251550";119;0;111;8
"1922";"251570";12;0;12;0
"1923";"251580";3;0;3;0
"1924";"251590";16;0;16;0
"1925";"251600";32;0;32;0
"1926";"251610";21;0;21;0
"1927";"251620";285;10;174;111
"1928";"251630";32;0;32;0
"1929";"251650";33;0;33;0
"1930";"251660";19;0;19;0
"1931";"251670";71;0;71;0
"1932";"251690";32;0;32;0
"1933";"251700";23;0;23;0
"1934";"251710";10;0;10;0
"1935";"250440";59;0;59;0
"1936";"251090";17;0;17;0
"1937";"250710";23;0;23;0
"1938";"251250";50;0;50;0
"1939";"260005";72,5;0;61;11
"1940";"260010";187,5;0;141,5;46
"1941";"260020";35;0;35;0
"1942";"260030";72;0;72;0
"1943";"260040";26;0;26;0
"1944";"260050";51;0;51;0
"1945";"260060";13;0;13;0
"1946";"260070";26;0;26;0
"1947";"260080";18;0;18;0
"1948";"260090";19;0;19;0
"1949";"260100";8;0;8;0
"1950";"260105";13;0;13;0
"1951";"260110";172;0;162;10
"1952";"260120";282;0;237;45
"1953";"260130";11;0;11;0
"1954";"260140";209;0;209;0
"1955";"260150";15;0;15;0
"1956";"260160";48;0;48;0
"1957";"260170";72;0;72;0
"1958";"260180";10;0;10;0
"1959";"260190";170;0;155;15
"1960";"260200";29;0;29;0
"1961";"260210";47;0;47;0
"1962";"260220";33;0;33;0
"1963";"260230";52;0;52;0
"1964";"260240";8;0;8;0
"1965";"260250";7;0;7;0
"1966";"260260";48;0;48;0
"1967";"260270";14;0;14;0
"1968";"260280";64;0;64;0
"1969";"260290";381;0;262;119
"1970";"260300";53;0;53;0
"1971";"260310";16;0;16;0
"1972";"260320";28;0;28;0
"1973";"260330";13;0;13;0
"1974";"260340";10;0;10;0
"1975";"260345";1219;0;730;479
"1976";"260350";14;0;14;0
"1977";"260360";20;0;20;0
"1978";"260370";22;0;22;0
"1979";"260380";28;0;28;0
"1980";"260390";15;0;15;0
"1981";"260392";9;0;9;0
"1982";"260400";113;0;111;2
"1983";"260410";722;0;566,5;162
"1984";"260415";28;0;28;0
"1985";"260420";25;0;25;0
"1986";"260430";18;0;18;0
"1987";"260440";19;0;19;0
"1988";"260450";38;0;38;0
"1989";"260460";21;0;21;0
"1990";"260470";11;0;11;0
"1991";"260480";28;0;28;0
"1992";"260490";31;0;31;0
"1993";"260500";20;0;20;0
"1994";"260510";86;0;86;0
"1995";"260515";19;0;19;0
"1996";"260520";164;0;136;28
"1997";"260530";32;0;32;0
"1998";"260540";17;0;17;0
"1999";"260545";6;0;6;0
"2000";"260560";18;0;18;0
"2001";"260570";140;0;126;14
"2002";"260580";11;0;11;0
"2003";"260590";23;0;23;0
"2004";"260600";492;0;413;79
"2005";"260610";24;0;24;0
"2006";"260620";120;0;82;38
"2007";"260630";20;0;20;0
"2008";"260640";57;0;57;0
"2009";"260650";15;0;15;0
"2010";"260660";40;0;40;0
"2011";"260670";7;0;7;0
"2012";"260680";158;0;158;0
"2013";"260690";16;0;16;0
"2014";"260700";13;0;13;0
"2015";"260710";4;0;4;0
"2016";"260720";28;0;28;0
"2017";"260730";48;0;48;0
"2018";"260740";4;0;4;0
"2019";"260750";18;0;18;0
"2020";"260760";364;0;364;0
"2021";"260765";42;0;42;0
"2022";"260770";25;0;25;0
"2023";"260775";8;0;8;0
"2024";"260780";6;0;6;0
"2025";"260790";615;0;416;199
"2026";"260800";25;0;25;0
"2027";"260805";23;0;23;0
"2028";"260810";27;0;27;0
"2029";"260820";14;0;14;0
"2030";"260830";19;0;19;0
"2031";"260840";33;0;33;0
"2032";"260845";13;0;13;0
"2033";"260850";19;0;19;0
"2034";"260860";18;0;18;0
"2035";"260870";17;0;17;0
"2036";"260875";18;0;18;0
"2037";"260880";24;0;24;0
"2038";"260890";147;0;145;2
"2039";"260900";106;0;106;0
"2040";"260910";9;0;9;0
"2041";"260915";16;0;16;0
"2042";"260920";13;0;13;0
"2043";"260930";34;0;34;0
"2044";"260940";123;0;123;0
"2045";"260950";77;0;77;0
"2046";"260960";369;0;281;87
"2047";"260970";29;0;29;0
"2048";"260980";11;0;11;0
"2049";"260990";181;0;152;29
"2050";"261000";324;0;324;0
"2051";"261010";4;0;4;0
"2052";"261020";26;0;26;0
"2053";"261030";8;0;8;0
"2054";"261040";29;0;29;0
"2055";"261050";25;0;25;0
"2056";"261060";89;0;50;39
"2057";"261070";546;0;453;88
"2058";"261080";24;0;24;0
"2059";"261090";187;0;184;3
"2060";"261100";101;0;101;0
"2061";"261110";601;0;374;227
"2062";"261120";14;0;14;0
"2063";"261130";21;0;21;0
"2064";"261140";4;0;4;0
"2065";"261150";42;0;42;0
"2066";"261160";8951,5;0;6641;2289,5
"2067";"261170";29;0;29;0
"2068";"261180";48;0;48;0
"2069";"261190";65;0;65;0
"2070";"261200";20;0;20;0
"2071";"261210";5;0;5;0
"2072";"261220";302;0;230;72
"2073";"261230";13;0;13;0
"2074";"261240";15;0;15;0
"2075";"261245";15;0;15;0
"2076";"261247";16;0;16;0
"2077";"261250";96;0;82;14
"2078";"261260";33;0;33;0
"2079";"261280";10;0;10;0
"2080";"261290";28;0;28;0
"2081";"261300";46;0;46;0
"2082";"261310";41;0;41;0
"2083";"261320";39;0;39;0
"2084";"261330";46;0;46;0
"2085";"261340";22;0;22;0
"2086";"261350";76;0;64;12
"2087";"261360";73;0;65;8
"2088";"261370";198;0;92;106
"2089";"261380";29;0;29;0
"2090";"261390";590;0;455;135
"2091";"261400";31;0;31;0
"2092";"261410";109;0;76;33
"2093";"261420";98;0;98;0
"2094";"261430";20;0;20;0
"2095";"261440";5;0;5;0
"2096";"261450";266;0;261;5
"2097";"261460";66;0;35;31
"2098";"261480";17;0;17;0
"2099";"261485";17;0;17;0
"2100";"261500";56;0;56;0
"2101";"261510";14;0;14;0
"2102";"261520";11;0;11;0
"2103";"261530";153;0;142;11
"2104";"261540";28;0;28;0
"2105";"261550";11;0;11;0
"2106";"261560";70;0;58;12
"2107";"261570";49;0;38;11
"2108";"261580";21;0;21;0
"2109";"261590";39;0;39;0
"2110";"261600";24;0;24;0
"2111";"261610";17;0;17;0
"2112";"261618";9;0;9;0
"2113";"261620";35;0;33;2
"2114";"261630";68;0;64;4
"2115";"261640";499;0;462;37
"2116";"261650";13;0;13;0
"2117";"220005";6;0;6;0
"2118";"220010";21;0;21;0
"2119";"220020";27;0;27;0
"2120";"220025";12;0;12;0
"2121";"220030";32;0;32;0
"2122";"220040";48;0;48;0
"2123";"220050";40;0;40;0
"2124";"220060";10;0;10;0
"2125";"220070";45;0;45;0
"2126";"220090";6;0;6;0
"2127";"220100";9;0;9;0
"2128";"220110";18;0;18;0
"2129";"220115";8;0;8;0
"2130";"220120";76;0;72;4
"2131";"220130";16;0;16;0
"2132";"220140";25;0;25;0
"2133";"220150";33;0;33;0
"2134";"220160";20;0;20;0
"2135";"220170";10;0;10;0
"2136";"220180";12;0;12;0
"2137";"220190";48;0;48;0
"2138";"220191";13;0;13;0
"2139";"220196";10;0;10;0
"2140";"220200";27;0;27;0
"2141";"220202";16;0;16;0
"2142";"220220";211;0;186;25
"2143";"220225";10;0;5;5
"2144";"220230";22;0;22;0
"2145";"220240";9;0;9;0
"2146";"220250";11;0;11;0
"2147";"220260";39;0;39;0
"2148";"220270";18;0;18;0
"2149";"220277";7;0;7;0
"2150";"220280";45;0;45;0
"2151";"220290";41;0;41;0
"2152";"220300";25;0;25;0
"2153";"220310";26;0;26;0
"2154";"220320";32;0;32;0
"2155";"220330";25;0;25;0
"2156";"220335";7;0;7;0
"2157";"220350";34;0;34;0
"2158";"220360";22;0;22;0
"2159";"220370";90;0;90;0
"2160";"220375";16;0;16;0
"2161";"220380";6;0;6;0
"2162";"220390";192;0;163;29
"2163";"220400";14;0;14;0
"2164";"220410";15;0;15;0
"2165";"220420";14;0;14;0
"2166";"220430";53;0;53;0
"2167";"220440";12;0;12;0
"2168";"220450";25;0;25;0
"2169";"220470";15;0;15;0
"2170";"220480";13;0;13;0
"2171";"220490";20;0;20;0
"2172";"220500";21;0;21;0
"2173";"220510";25;0;25;0
"2174";"220520";61;0;61;0
"2175";"220527";5;0;5;0
"2176";"220530";11;0;11;0
"2177";"220540";17;0;17;0
"2178";"220550";25;0;25;0
"2179";"220553";19;0;19;0
"2180";"220555";15;0;15;0
"2181";"220560";16;0;16;0
"2182";"220570";32;0;32;0
"2183";"220580";64;0;64;0
"2184";"220585";7;0;7;0
"2185";"220590";12;0;12;0
"2186";"220595";38;0;38;0
"2187";"220600";11;0;11;0
"2188";"220610";15;0;15;0
"2189";"220620";20;0;20;0
"2190";"220640";21;0;21;0
"2191";"220650";20;0;20;0
"2192";"220660";25;0;20;5
"2193";"220670";16;0;16;0
"2194";"220680";13;0;13;0
"2195";"220690";12;0;12;0
"2196";"220700";193;0;131;62
"2197";"220720";81;0;81;0
"2198";"220730";15;0;15;0
"2199";"220740";12;0;12;0
"2200";"220750";30;0;30;0
"2201";"220760";40;0;40;0
"2202";"220770";840;0;750;90
"2203";"220780";116;0;110;6
"2204";"220790";71;0;71;0
"2205";"220800";535;0;430;105
"2206";"220810";16;0;16;0
"2207";"220820";35;0;35;0
"2208";"220830";53;0;53;0
"2209";"220840";93;0;93;0
"2210";"220850";28;0;28;0
"2211";"220855";5;0;5;0
"2212";"220860";16;0;16;0
"2213";"220870";19;0;19;0
"2214";"220880";31;0;31;0
"2215";"220890";21;0;21;0
"2216";"220900";12;0;12;0
"2217";"220910";31;0;30;1
"2218";"220920";10;0;10;0
"2219";"220937";16;0;8;8
"2220";"220940";6;0;6;0
"2221";"220950";16;0;16;0
"2222";"220960";20;0;20;0
"2223";"220970";12;0;12;0
"2224";"220980";15;0;15;0
"2225";"220987";14;0;14;0
"2226";"220990";12;0;12;0
"2227";"221000";64;0;64;0
"2228";"221010";8;0;8;0
"2229";"221020";8;0;8;0
"2230";"221030";29;0;29;0
"2231";"221040";44;0;39;5
"2232";"221050";42;0;42;0
"2233";"221060";291;0;291;0
"2234";"221065";16;0;0;16
"2235";"221070";52;0;52;0
"2236";"221080";32;0;32;0
"2237";"221090";12;0;12;0
"2238";"221100";3398;0;2543,5;862
"2239";"221110";66;0;66;0
"2240";"221120";17;0;17;0
"2241";"221130";46;0;46;0
"2242";"221140";14;0;14;0
"2243";"221170";19;0;19;0
"2244";"410010";22;0;20;2
"2245";"410040";46;0;36;10
"2246";"410045";19;0;19;0
"2247";"410050";37;0;37;0
"2248";"410060";20;0;19;1
"2249";"410080";21;0;21;0
"2250";"410090";14;0;14;0
"2251";"410100";73;0;68,5;5
"2252";"410110";88;0;86;2
"2253";"410120";27;0;20;7
"2254";"410140";259;0;177;82
"2255";"410150";334;0;251;83
"2256";"410160";40;0;40;0
"2257";"410170";51;0;42;9
"2258";"410180";116;0;87;29
"2259";"410190";64;0;52;12
"2260";"410200";123;0;93;30
"2261";"410210";60;0;42;18
"2262";"410220";10;0;10;0
"2263";"410230";7;0;7;0
"2264";"410240";118;0;72;46
"2265";"410250";29;0;29;0
"2266";"410260";23;0;20;3
"2267";"410280";28;0;23;5
"2268";"410290";43;0;35;8
"2269";"410300";10;0;9;1
"2270";"410305";21;0;21;0
"2271";"410310";14;0;14;0
"2272";"410320";29;0;29;0
"2273";"410330";27;0;27;0
"2274";"410345";36;0;32;4
"2275";"410360";100;0;90;10
"2276";"410370";134;0;65;69
"2277";"410390";50;0;50;0
"2278";"410400";315;0;311;4
"2279";"410410";10;0;10;0
"2280";"410420";525;0;442;83
"2281";"410430";226;0;155;71
"2282";"410440";66;0;66;0
"2283";"410442";55;0;51;4
"2284";"410445";91;0;87;4
"2285";"410450";48;0;42;6
"2286";"410460";35;0;33;2
"2287";"410470";29;0;25;4
"2288";"410480";996,5;0;517;477
"2289";"410490";115;0;89;26
"2290";"410500";19;0;19;0
"2291";"410510";29;0;29;0
"2292";"410520";26;0;26;0
"2293";"410530";36;0;28;8
"2294";"410540";61;0;43,5;17,5
"2295";"410550";129;0;95;34
"2296";"410560";31;0;27;4
"2297";"410570";50;0;39;11
"2298";"410580";119;0;109;10
"2299";"410590";44;0;39;5
"2300";"410600";19;0;19;0
"2301";"410610";22;0;22;0
"2302";"410620";13;0;13;0
"2303";"410630";72;0;27;45
"2304";"410640";218;0;141;77
"2305";"410650";60;0;47;13
"2306";"410660";27;0;20;7
"2307";"410670";11;0;11;0
"2308";"410680";30;0;30;0
"2309";"410690";6970,5;0;3974;2998,5
"2310";"410700";19;0;16;3
"2311";"410710";19;0;19;0
"2312";"410715";15;0;13;2
"2313";"410720";90;0;80;10
"2314";"410725";29;0;20;9
"2315";"410730";11;0;11;0
"2316";"410750";32;0;28;4
"2317";"410753";20;0;20;0
"2318";"410760";83;0;64;19
"2319";"410765";32;0;32;0
"2320";"410775";28;0;28;0
"2321";"410780";21;0;21;0
"2322";"410790";20;0;20;0
"2323";"410800";22;0;22;0
"2324";"410820";38;0;31;7
"2325";"410830";483;0;332;151
"2326";"410832";24;0;24;0
"2327";"410840";389;0;273;122
"2328";"410850";27;0;27;0
"2329";"410855";10;0;10;0
"2330";"410860";96;0;82;14
"2331";"410870";27;0;27;0
"2332";"410880";119;0;86;33
"2333";"410890";16;0;16;0
"2334";"410900";16;0;16;0
"2335";"410930";95;0;81;14
"2336";"410940";678;0;429,5;248,5
"2337";"410950";16;0;16;0
"2338";"410960";52;0;44;8
"2339";"410965";29;0;29;0
"2340";"410970";56;0;53;3
"2341";"410975";26;0;26;0
"2342";"410980";128;0;69;59
"2343";"410990";10;0;10;0
"2344";"411000";21;0;12;9
"2345";"411010";56;0;43;13
"2346";"411020";18;0;18;0
"2347";"411030";11;0;11;0
"2348";"411040";22;0;22;0
"2349";"411050";31;0;29;2
"2350";"411060";30;0;30;0
"2351";"411070";186;0;120;66
"2352";"411080";19;0;19;0
"2353";"411090";19;0;17;2
"2354";"411095";22;0;0;22
"2355";"411100";21;0;21;0
"2356";"411110";25;0;25;0
"2357";"411120";27;0;27;0
"2358";"411125";51;0;51;0
"2359";"411130";17;0;17;0
"2360";"411140";18;0;18;0
"2361";"411150";212;0;164;48
"2362";"411160";16;0;16;0
"2363";"411170";18;0;18;0
"2364";"411180";113;0;75;38
"2365";"411190";29;0;29;0
"2366";"411200";106;0;97;9
"2367";"411210";354;0;283;71
"2368";"411220";29;0;29;0
"2369";"411240";16;0;16;0
"2370";"411250";24;0;24;0
"2371";"411270";19;0;18;1
"2372";"411275";25;0;18;7
"2373";"411280";29;0;24;5
"2374";"411290";24;0;24;0
"2375";"411295";23;0;23;0
"2376";"411300";12;0;12;0
"2377";"411310";23;0;23;0
"2378";"411320";160;0;160;0
"2379";"411330";130;0;116;14
"2380";"411345";20;0;20;0
"2381";"411350";120;0;99;21
"2382";"411370";1824;0;1203;624,5
"2383";"411375";30;0;25;5
"2384";"411380";16;0;16;0
"2385";"411390";32;0;28;4
"2386";"411400";32;0;27;5
"2387";"411410";52;0;30;22
"2388";"411420";86;0;66;20
"2389";"411430";50;0;50;0
"2390";"411440";56;0;48;8
"2391";"411450";25;0;25;0
"2392";"411460";419;0;314;105
"2393";"411470";10;0;10;0
"2394";"411480";43;0;37;6
"2395";"411500";23;0;22;1
"2396";"411520";1308;0;760;552
"2397";"411530";52;0;47;5
"2398";"411535";47;0;22;25
"2399";"411540";73;0;47;26
"2400";"411550";21;0;21;0
"2401";"411560";79;0;53;26
"2402";"411570";49;0;44;5
"2403";"411580";168;0;74;94
"2404";"411585";13;0;13;0
"2405";"411600";12;0;12;0
"2406";"411605";45;0;31;14
"2407";"411610";23;0;23;0
"2408";"411620";31;0;29;2
"2409";"411630";6;0;6;0
"2410";"411640";9;0;9;0
"2411";"411670";24;0;20;4
"2412";"411680";22;0;20;2
"2413";"411690";76;0;69;7
"2414";"411695";11;0;11;0
"2415";"411700";22;0;18;4
"2416";"411705";28;0;28;0
"2417";"411710";23;0;21;2
"2418";"411720";13;0;13;0
"2419";"411722";22;0;10;12
"2420";"411725";42;0;36;6
"2421";"411727";44;0;44;0
"2422";"411730";70;0;66;4
"2423";"411740";14;0;14;0
"2424";"411750";66;0;66;0
"2425";"411760";103;0;98;5
"2426";"411770";190;0;150;40
"2427";"411780";56;0;47;9
"2428";"411790";102;0;62;40
"2429";"411800";29;0;25;4
"2430";"411810";23;0;23;0
"2431";"411820";294;0;203;102
"2432";"411830";16;0;16;0
"2433";"411840";185;0;146;39
"2434";"411845";15;0;11;4
"2435";"411850";286;0;194;92
"2436";"411870";26;0;26;0
"2437";"411890";19;0;19;0
"2438";"411915";393;0;380;13
"2439";"411920";27;0;17;10
"2440";"411930";95;0;86;9
"2441";"411940";36;0;28;8
"2442";"411950";753;0;677;76
"2443";"411960";100;0;79;21
"2444";"411970";16;0;14;2
"2445";"411980";48;0;42;6
"2446";"411990";1021;0;669;351
"2447";"412000";49;0;49;0
"2448";"412010";16;0;16;0
"2449";"412020";9;0;9;0
"2450";"412033";20;0;20;0
"2451";"412035";74;0;65;9
"2452";"412040";18;0;18;0
"2453";"412050";24;0;24;0
"2454";"412060";140;0;115;25
"2455";"412070";28;0;26;2
"2456";"412085";13;0;10;3
"2457";"412090";88;0;60;28
"2458";"412100";28;0;28;0
"2459";"412110";19;0;17;2
"2460";"412120";25;0;25;0
"2461";"412130";16;0;16;0
"2462";"412140";41;0;30;11
"2463";"412150";40;0;37;3
"2464";"412170";39;0;32;7
"2465";"412180";57;0;51;6
"2466";"412190";63;0;59;4
"2467";"412200";48;0;33;15
"2468";"412220";55;0;55;0
"2469";"412230";88;0;72;16
"2470";"412240";211;0;195;16
"2471";"412250";28;0;25;3
"2472";"412260";41;0;22;19
"2473";"412265";36;0;36;0
"2474";"412290";26;0;26;0
"2475";"412300";30;0;24;6
"2476";"412310";15;0;15;0
"2477";"412320";18;0;18;0
"2478";"412330";27;0;17;10
"2479";"412340";21;0;17;4
"2480";"412350";113;0;58;55
"2481";"412370";27;0;19;8
"2482";"412380";30;0;30;0
"2483";"412382";24;0;24;0
"2484";"412385";45;0;45;0
"2485";"412390";27;0;27;0
"2486";"412400";20;0;20;0
"2487";"412405";90;0;58;32
"2488";"412410";191;0;161;30
"2489";"412420";10;0;10;0
"2490";"412430";13;0;13;0
"2491";"412440";46;0;38;8
"2492";"412450";23;0;22;1
"2493";"412460";16;0;15;1
"2494";"412470";20;0;20;0
"2495";"412480";29;0;21;8
"2496";"412490";19;0;17;2
"2497";"412500";21;0;21;0
"2498";"412510";27;0;26;1
"2499";"412520";30;0;23;7
"2500";"412530";42;0;36;6
"2501";"412535";18;0;18;0
"2502";"412540";15;0;15;0
"2503";"412545";19;0;19;0
"2504";"412550";323;0;226;97
"2505";"412560";63;0;49;14
"2506";"412570";73;0;52;21
"2507";"412575";14;0;14;0
"2508";"412580";26;0;24;2
"2509";"412600";25;0;25;0
"2510";"412620";19;0;19;0
"2511";"412625";141;0;114;27
"2512";"412630";35;0;31;4
"2513";"412640";23;0;23;0
"2514";"412650";27;0;25;2
"2515";"412660";44;0;32;12
"2516";"412667";21;0;21;0
"2517";"412670";10;0;10;0
"2518";"412680";21;0;18;3
"2519";"412690";21;0;13;8
"2520";"412700";17;0;17;0
"2521";"412710";185;0;110;75
"2522";"412720";60;0;52;8
"2523";"412730";30;0;26;4
"2524";"412740";89;0;24;65
"2525";"412750";30;0;30;0
"2526";"412760";21;0;21;0
"2527";"412770";341;0;166;175
"2528";"412780";67;0;51;16
"2529";"412785";38;0;38;0
"2530";"412788";6;0;6;0
"2531";"412790";18;0;16;2
"2532";"412795";56;0;46;10
"2533";"412796";53;0;53;0
"2534";"412800";135;0;74;61
"2535";"412810";492;0;361;131
"2536";"412820";231;0;117;114
"2537";"412830";6;0;6;0
"2538";"412840";45;0;37;8
"2539";"412850";35;0;17;18
"2540";"412855";26;0;26;0
"2541";"412860";22;0;19;3
"2542";"412880";33;10;23;10
"2543";"330010";340;0;194;146
"2544";"330015";35;0;35;0
"2545";"330020";297,5;0;218,5;78
"2546";"330022";46;0;46;0
"2547";"330023";35;0;35;0
"2548";"330025";92;0;92;0
"2549";"330030";346;0;258;88
"2550";"330040";415;0;224;190
"2551";"330045";460;0;389;71
"2552";"330050";63;0;63;0
"2553";"330060";498;0;397;101
"2554";"330070";576;0;362;214
"2555";"330080";109;0;109;0
"2556";"330090";85;0;43;42
"2557";"330100";2051;0;1426;625
"2558";"330110";62;0;50;12
"2559";"330120";42;0;42;0
"2560";"330130";90;0;90;0
"2561";"330140";71;0;71;0
"2562";"330150";64;0;56;8
"2563";"330160";16;0;16;0
"2564";"330170";1673;0;1063;623
"2565";"330180";50;0;39;11
"2566";"330185";67;0;67;0
"2567";"330190";615;0;389;226
"2568";"330200";141;0;141;0
"2569";"330205";127;0;117;10
"2570";"330210";89;0;75;14
"2571";"330220";701;0;429;272
"2572";"330225";96;0;30;66
"2573";"330227";245;0;245;0
"2574";"330230";52;0;52;0
"2575";"330240";554;0;306;248
"2576";"330250";594;0;579;15
"2577";"330260";62;0;60;2
"2578";"330270";114;0;79;35
"2579";"330280";84;0;46;38
"2580";"330285";28;0;28;0
"2581";"330290";102;0;74;28
"2582";"330300";85;0;52;33
"2583";"330310";49;0;43;6
"2584";"330320";517;0;188;329
"2585";"330330";3032,5;0;1616,5;1396
"2586";"330340";679;0;471;208
"2587";"330350";1165;49;701;450
"2588";"330360";764;0;747;17
"2589";"330370";68;0;63;5
"2590";"330380";36;0;36;0
"2591";"330390";1663;0;1129;534
"2592";"330395";40;0;40;0
"2593";"330400";52;0;46;6
"2594";"330410";60;0;54;6
"2595";"330411";44;0;44;0
"2596";"330412";241;0;232;9
"2597";"330414";302;0;252;50
"2598";"330415";53;0;53;0
"2599";"330420";341;0;149;192
"2600";"330430";555;0;534;21
"2601";"330440";36;0;36;0
"2602";"330450";15;0;15;0
"2603";"330452";106;0;90;16
"2604";"330455";26945,5;0;14391,5;12578
"2605";"330460";82;0;50;32
"2606";"330470";186;0;143;43
"2607";"330475";52;0;52;0
"2608";"330480";122;0;112;10
"2609";"330490";2560;0;1842;718
"2610";"330500";43;0;43;0
"2611";"330510";1259;0;999;260
"2612";"330515";58;0;56;2
"2613";"330520";81;0;77;4
"2614";"330530";52;0;43;9
"2615";"330550";65;0;65;0
"2616";"330555";51;0;51;0
"2617";"330560";15;0;15;0
"2618";"330570";36;0;36;0
"2619";"330575";212;0;160;52
"2620";"330580";385;0;295;90
"2621";"330590";41;0;41;0
"2622";"330600";310;0;267;43
"2623";"330610";341;0;301;40
"2624";"330615";41;0;41;0
"2625";"330620";574;0;512;59
"2626";"330630";904;0;394;508,5
"2627";"240010";72;0;66;6
"2628";"240020";95;0;90;5
"2629";"240030";28;0;28;0
"2630";"240050";102;0;102;0
"2631";"240060";21;0;21;0
"2632";"240070";21;0;21;0
"2633";"240080";28;0;28;0
"2634";"240090";32;0;32;0
"2635";"240100";85;0;85;0
"2636";"240110";45;0;43;2
"2637";"240120";20;0;20;0
"2638";"240130";8;0;8;0
"2639";"240140";9;0;9;0
"2640";"240145";21;0;21;0
"2641";"240150";12;0;12;0
"2642";"240160";15;0;15;0
"2643";"240170";17;0;17;0
"2644";"240180";15;0;15;0
"2645";"240200";215;0;182;33
"2646";"240210";15;0;15;0
"2647";"240220";60;0;60;0
"2648";"240230";66;0;66;0
"2649";"240240";29;0;29;0
"2650";"240250";21;0;21;0
"2651";"240260";54;0;54;0
"2652";"240270";24;0;24;0
"2653";"240280";12;0;12;0
"2654";"240290";9;0;9;0
"2655";"240300";44;0;44;0
"2656";"240310";153;0;126;27
"2657";"240320";16;0;16;0
"2658";"240325";168,5;0;153,5;15
"2659";"240330";28;0;28;0
"2660";"240340";20;0;20;0
"2661";"240370";6;0;6;0
"2662";"240380";28;0;28;0
"2663";"240390";6;0;6;0
"2664";"240400";18;0;18;0
"2665";"240420";30;0;30;0
"2666";"240430";16;0;16;0
"2667";"240440";13;0;13;0
"2668";"240450";27;0;27;0
"2669";"240480";12;0;12;0
"2670";"240490";15;0;15;0
"2671";"240500";30;0;30;0
"2672";"240510";16;0;16;0
"2673";"240520";21;0;21;0
"2674";"240530";18;0;18;0
"2675";"240540";1;0;1;0
"2676";"240560";23;0;23;0
"2677";"240570";30;0;30;0
"2678";"240580";40;0;40;0
"2679";"240600";21;0;21;0
"2680";"240610";49;0;49;0
"2681";"240620";10;0;10;0
"2682";"240640";8;0;8;0
"2683";"240650";31;0;31;0
"2684";"240670";32;0;32;0
"2685";"240680";8;0;8;0
"2686";"240690";12;0;12;0
"2687";"240700";39;0;39;0
"2688";"240710";37;0;37;0
"2689";"240720";58;0;57;1
"2690";"240725";12;0;12;0
"2691";"240730";24;0;24;0
"2692";"240740";38;0;36;2
"2693";"240750";7;0;7;0
"2694";"240760";16;0;16;0
"2695";"240770";10;0;10;0
"2696";"240780";15;0;15;0
"2697";"240790";13;0;13;0
"2698";"240800";741;0;507;236
"2699";"240810";3440,5;0;2451,5;990
"2700";"240830";36;0;36;0
"2701";"240840";13;0;13;0
"2702";"240850";16;0;16;0
"2703";"240860";8;0;8;0
"2704";"240870";1;0;1;0
"2705";"240880";9;0;9;0
"2706";"240890";50;0;50;0
"2707";"240910";17;0;17;0
"2708";"240930";81;0;81;0
"2709";"240940";128;0;117;11
"2710";"240950";14;0;14;0
"2711";"240980";19;0;19;0
"2712";"240990";15;0;15;0
"2713";"241000";12;0;12;0
"2714";"241010";30;0;30;0
"2715";"241020";17;0;17;0
"2716";"241030";22;0;22;0
"2717";"241040";2;0;2;0
"2718";"241050";8;0;8;0
"2719";"241060";15;0;15;0
"2720";"241070";17;0;17;0
"2721";"241080";15;0;15;0
"2722";"241100";18;0;18;0
"2723";"241110";13;0;13;0
"2724";"241120";93;0;93;0
"2725";"241140";42;0;42;0
"2726";"241142";14;0;14;0
"2727";"241150";51;0;51;0
"2728";"241160";26;0;26;0
"2729";"241170";2;0;2;0
"2730";"241200";64;0;64;0
"2731";"241210";18;0;18;0
"2732";"241220";71;0;70;1
"2733";"241230";39;0;39;0
"2734";"241240";25;12;25;0
"2735";"241250";80;0;80;0
"2736";"241255";7;0;7;0
"2737";"241260";40;0;40;0
"2738";"241270";4;0;4;0
"2739";"241280";19;0;19;0
"2740";"241290";30;0;30;0
"2741";"241300";17;0;17;0
"2742";"241310";7;0;7;0
"2743";"241330";3;0;3;0
"2744";"241335";18;0;18;0
"2745";"241340";21;0;21;0
"2746";"241355";15;0;15;0
"2747";"241360";21;0;21;0
"2748";"241370";12;0;12;0
"2749";"241380";14;0;7;7
"2750";"241390";3;0;3;0
"2751";"241400";8;0;8;0
"2752";"241410";27;0;27;0
"2753";"241415";10;0;10;0
"2754";"241420";15;0;15;0
"2755";"241440";32;0;32;0
"2756";"241445";6;0;6;0
"2757";"241450";31;0;31;0
"2758";"241460";13;0;13;0
"2759";"241475";11;0;11;0
"2760";"241480";12;0;12;0
"2761";"241490";15;0;15;0
"2762";"241500";21;0;21;0
"2763";"240190";8;0;8;0
"2764";"240360";30;0;30;0
"2765";"110001";51;0;45;6
"2766";"110002";230;0;74;156
"2767";"110003";20;0;2;18
"2768";"110004";167;0;88;79
"2769";"110005";42;0;42;0
"2770";"110006";63;0;62;1
"2771";"110007";15;0;15;0
"2772";"110008";36;0;36;0
"2773";"110009";63;0;38;25
"2774";"110010";159;0;146;13
"2775";"110011";97;0;86;11
"2776";"110012";277;0;151;124,5
"2777";"110013";54;0;54;0
"2778";"110014";44;0;44;0
"2779";"110015";127;0;63;64
"2780";"110018";66;0;46;20
"2781";"110020";1393,5;0;908,5;486
"2782";"110025";49;0;49;0
"2783";"110026";8;0;8;0
"2784";"110028";118,5;0;97,5;21
"2785";"110029";25;0;25;0
"2786";"110030";205,5;0;153;52,5
"2787";"110032";44;0;44;0
"2788";"110033";39;0;39;0
"2789";"110034";35;0;35;0
"2790";"110037";16;0;16;0
"2791";"110040";15;0;15;0
"2792";"110045";74;0;30;44
"2793";"110050";22;0;22;0
"2794";"110060";26;0;26;0
"2795";"110070";19;0;19;0
"2796";"110090";7;0;7;0
"2797";"110092";16;0;16;0
"2798";"110100";21;0;21;0
"2799";"110110";15;0;15;0
"2800";"110120";19;0;19;0
"2801";"110130";33;0;25;8
"2802";"110140";40;0;40;0
"2803";"110143";11;0;11;0
"2804";"110145";8;0;8;0
"2805";"110146";8;0;8;0
"2806";"110148";16;0;16;0
"2807";"110149";20;0;20;0
"2808";"110150";36;0;36;0
"2809";"110155";9;0;9;0
"2810";"110160";13;0;13;0
"2811";"110170";25;0;25;0
"2812";"110175";12;0;12;0
"2813";"110180";16;0;16;0
"2814";"110080";15;0;15;0
"2815";"110094";11;0;11;0
"2816";"140005";38;0;38;0
"2817";"140010";628;0;607;21
"2818";"140015";18;0;18;0
"2819";"140020";28;0;28;0
"2820";"140023";10;0;10;0
"2821";"140030";23;0;23;0
"2822";"140040";20;0;20;0
"2823";"140045";32;0;32;0
"2824";"140047";17;0;17;0
"2825";"140050";16;0;16;0
"2826";"140060";22;0;22;0
"2827";"430003";42;0;33;9
"2828";"430010";58;0;36;22
"2829";"430020";32;0;25;7
"2830";"430030";34;0;30;4
"2831";"430040";165;0;125;40
"2832";"430045";23;0;17;6
"2833";"430050";27;0;22;5
"2834";"430060";91;0;91;0
"2835";"430063";12;0;12;0
"2836";"430064";25,5;0;23;2,5
"2837";"430070";38;0;23;15
"2838";"430080";43;0;26;17
"2839";"430090";36;0;35;1
"2840";"430100";74;0;51;23
"2841";"430110";35;0;33;2
"2842";"430120";66;0;49;17
"2843";"430130";49;0;41;8
"2844";"430140";48;0;29;19
"2845";"430150";30,5;0;23,5;7
"2846";"430155";19;0;19;0
"2847";"430160";399;0;224;175
"2848";"430165";29;0;27;2
"2849";"430170";44;0;36;8
"2850";"430180";35;0;28;7
"2851";"430210";316;0;188;127,5
"2852";"430220";46;0;27;19
"2853";"430230";34;0;25;9
"2854";"430235";43;0;27;16
"2855";"430240";50;0;36;14
"2856";"430245";40;0;30;10
"2857";"430260";36;0;26;10
"2858";"430265";17;0;5;12
"2859";"430270";49;0;46;3
"2860";"430280";95;0;70;25
"2861";"430290";57;0;41;16
"2862";"430300";228;0;149;79
"2863";"430310";81;0;81;0
"2864";"430320";32;0;22;10
"2865";"430330";41;0;31;10
"2866";"430340";60;0;51;9
"2867";"430350";134;0;97;37
"2868";"430360";68;0;66;2
"2869";"430370";55;0;45;10
"2870";"430380";42;0;40;2
"2871";"430390";67;0;67;0
"2872";"430400";36;0;31;5
"2873";"430410";35;0;30;5
"2874";"430420";97;0;66;31
"2875";"430430";33;0;26;7
"2876";"430440";65;0;44;21
"2877";"430450";99;0;81;18
"2878";"430460";751;0;561;179
"2879";"430463";94,5;0;80,5;14
"2880";"430470";169;0;109;60
"2881";"430480";44;0;28;16
"2882";"430490";39;0;25;14
"2883";"430500";10;0;10;0
"2884";"430510";1319;0;613;707,5
"2885";"430513";31;0;22;9
"2886";"430520";55;0;34;21
"2887";"430530";50;0;40;10
"2888";"430535";44;0;44;0
"2889";"430540";29;0;24;5
"2890";"430550";28;0;25;3
"2891";"430570";15;0;11;4
"2892";"430580";34;0;22;12
"2893";"430590";55;0;36;19
"2894";"430600";58;0;38;20
"2895";"430610";364;0;146;218
"2896";"430620";35;0;33;2
"2897";"430630";22;0;17;5
"2898";"430640";65;0;41;24
"2899";"430645";43;0;39;4
"2900";"430650";29;0;21;8
"2901";"430660";127;0;81;46
"2902";"430673";14;0;14;0
"2903";"430680";55;0;33;22
"2904";"430690";50;0;36;14
"2905";"430692";21;0;18;3
"2906";"430700";311;0;148;163
"2907";"430710";24;0;24;0
"2908";"430720";39;0;19;20
"2909";"430730";40;0;31;9
"2910";"430750";91;0;74;17
"2911";"430755";42;0;23;19
"2912";"430760";59;0;55;4
"2913";"430770";165;0;125;40
"2914";"430780";108;0;74;34
"2915";"430790";94;0;56;38
"2916";"430800";40;0;32;8
"2917";"430810";30;0;24;6
"2918";"430820";49;0;29;20
"2919";"430830";30;0;28;2
"2920";"430840";21;0;19;2
"2921";"430845";24;0;24;0
"2922";"430850";102;0;72;28
"2923";"430860";85;0;53;32
"2924";"430870";41;0;27,5;13
"2925";"430890";85;0;66;19
"2926";"430900";49;0;35;14
"2927";"430910";73;0;48;25
"2928";"430920";166;0;111;59
"2929";"430925";4;0;4;0
"2930";"430930";115;0;66;49
"2931";"430940";82;0;60;22
"2932";"430950";41;0;36;5
"2933";"430960";69;0;50;19
"2934";"430970";34;0;23;11
"2935";"430980";31;0;21;10
"2936";"430990";24;0;18;6
"2937";"431000";55;0;22;33
"2938";"431010";53;0;46;7
"2939";"431020";296;0;217;79
"2940";"431030";27;0;21;6
"2941";"431040";19;0;19;0
"2942";"431050";60;0;44;16
"2943";"431060";86;0;70;16
"2944";"431070";13;0;13;0
"2945";"431075";20;0;15;5
"2946";"431080";45;0;37;8
"2947";"431085";32;0;24;8
"2948";"431090";19;0;13;6
"2949";"431100";76;0;62;14
"2950";"431110";48;0;31;17
"2951";"431112";5;0;5;0
"2952";"431120";67;0;49;18
"2953";"431125";14;0;14;0
"2954";"431130";64;0;44;20
"2955";"431140";193;0;127;66
"2956";"431150";27;0;17;10
"2957";"431160";12;0;12;0
"2958";"431170";37;0;28;9
"2959";"431180";128;0;61;67
"2960";"431190";46;0;26;20
"2961";"431200";14;0;12;2
"2962";"431205";43;0;30;13
"2963";"431210";39;0;28;11
"2964";"431220";38;0;28;10
"2965";"431240";261;0;132;129
"2966";"431245";30;0;27;3
"2967";"431250";30;0;27;3
"2968";"431260";29;0;19;10
"2969";"431265";90;0;63;27
"2970";"431270";82;0;71;11
"2971";"431275";16;0;13;3
"2972";"431290";16;0;13;3
"2973";"431300";32;0;21;11
"2974";"431310";46;0;37;9
"2975";"431320";35;0;25;10
"2976";"431330";67;0;46;21
"2977";"431340";430;0;261;169
"2978";"431350";88;0;74;14
"2979";"431360";44;0;39;5
"2980";"431365";39;0;30;9
"2981";"431370";110;0;68;42
"2982";"431380";65;0;50;15
"2983";"431390";78;0;56;22
"2984";"431400";36;0;23;13
"2985";"431402";28;0;23;5
"2986";"431405";70;0;51;19
"2987";"431410";1100;0;750;370,5
"2988";"431415";28;0;25;3
"2989";"431417";15;0;13;2
"2990";"431420";42;0;36;6
"2991";"431430";17;0;16;1
"2992";"431440";1177;0;795;382
"2993";"431447";24;0;16;8
"2994";"431450";58;0;58;0
"2995";"431460";105;0;83;22
"2996";"431470";50;0;50;0
"2997";"431480";63;0;46;17
"2998";"431490";8385;0;5551;2834
"2999";"431500";50;0;40;10
"3000";"431510";50;0;30;20
"3001";"431515";40;0;28;12
"3002";"431520";26;0;22;4
"3003";"431530";76;0;55;21
"3004";"431535";19;0;14;5
"3005";"431540";39;0;33;6
"3006";"431550";51;0;32;19
"3007";"431560";756;0;733;23
"3008";"431570";101;0;74;27
"3009";"431575";28;0;24;4
"3010";"431580";42;0;32;10
"3011";"431590";51;0;38;13
"3012";"431600";49;0;38;11
"3013";"431610";75;0;58;17
"3014";"431620";28;0;20;8
"3015";"431630";38;0;33;5
"3016";"431640";112;0;77;35
"3017";"431643";16;0;16;0
"3018";"431645";27;0;27;0
"3019";"431650";32;0;20;12
"3020";"431660";68;0;44;24
"3021";"431670";46;0;36;10
"3022";"431675";17;0;15;2
"3023";"431680";305;0;192;113
"3024";"431690";887;0;441;446
"3025";"431700";34;0;28;6
"3026";"431710";130,5;0;78;52,5
"3027";"431720";217;0;152;65
"3028";"431730";65;0;52;13
"3029";"431740";168;0;101;67
"3030";"431750";267;0;221;46
"3031";"431760";95;0;78;17
"3032";"431780";77;0;51;26
"3033";"431790";61;0;46;15
"3034";"431800";135;0;97;38
"3035";"431805";25;0;23;2
"3036";"431810";71;0;47,5;23
"3037";"431820";56;0;56;0
"3038";"431830";189;0;137;52
"3039";"431840";192;0;134;58
"3040";"431843";10;0;10;0
"3041";"431846";18;0;18;0
"3042";"431849";27;0;17;10
"3043";"431850";51;0;49;2
"3044";"431860";50;0;40;10
"3045";"431870";290;0;231;59
"3046";"431880";157;0;107;50
"3047";"431890";108;0;75;33
"3048";"431900";77;0;45;32
"3049";"431910";44;0;27;17
"3050";"431915";33;0;31;2
"3051";"431930";36;0;23;13
"3052";"431940";54;0;52;2
"3053";"431950";87;0;73;14
"3054";"431960";65;0;55;10
"3055";"431980";35;0;28;7
"3056";"431990";131;0;112;19
"3057";"432000";215;0;195;20
"3058";"432010";79;0;65;14
"3059";"432020";50;0;33;17
"3060";"432026";27;0;24;3
"3061";"432030";32;0;20;12
"3062";"432040";45;0;33;12
"3063";"432045";14;0;14;0
"3064";"432050";52;0;39;13
"3065";"432060";29;0;23;6
"3066";"432065";9;0;8;1
"3067";"432067";47;0;29;18
"3068";"432070";106;0;81;25
"3069";"432080";141;0;101;40
"3070";"432090";86;0;56;30
"3071";"432100";37;0;26;11
"3072";"432110";51;0;40;11
"3073";"432120";110;0;59;50
"3074";"432130";122;0;85;37
"3075";"432132";16;0;16;0
"3076";"432140";92;0;64;28
"3077";"432145";70;0;49;21
"3078";"432150";91,5;0;82,5;8
"3079";"432160";106;0;68;38
"3080";"432163";19;0;14;8
"3081";"432170";45;0;34;11
"3082";"432180";116;0;67;49
"3083";"432190";201;0;146;55
"3084";"432195";32;0;25;7
"3085";"432200";50;0;36;14
"3086";"432210";33;0;21;12
"3087";"432220";77;0;57;20
"3088";"432230";38;0;27;11
"3089";"432240";342;0;258,5;69
"3090";"432250";185;0;114;71
"3091";"432253";36;0;26;10
"3092";"432260";122;0;71;51
"3093";"432270";36;0;32;4
"3094";"432280";56;0;35;21
"3095";"432290";52;0;35;17
"3096";"432300";259;0;208;51
"3097";"432310";27;0;27;0
"3098";"432320";19;0;17;2
"3099";"432340";18;0;16;2
"3100";"432370";23;0;18;5
"3101";"430190";6;0;5;1
"3102";"420010";43;0;38;5
"3103";"420020";24;0;17;7
"3104";"420040";35;0;30;5
"3105";"420070";30;0;26;4
"3106";"420080";21;0;17;4
"3107";"420090";53;0;46;7
"3108";"420100";29;0;22;7
"3109";"420110";49;0;16;33
"3110";"420127";29;0;23;6
"3111";"420130";9;0;9;0
"3112";"420140";124;0;115;9
"3113";"420150";35;0;29;6
"3114";"420160";18;0;11;7
"3115";"420190";14;0;13;1
"3116";"420200";283;0;141;142
"3117";"420220";25;0;21;4
"3118";"420240";788;0;371;417
"3119";"420243";52;0;16;36
"3120";"420250";18;0;18;0
"3121";"420260";40;0;33;7
"3122";"420280";85;0;54;31
"3123";"420290";257;0;124;133
"3124";"420300";171;0;136;35
"3125";"420310";33;0;25;8
"3126";"420320";46;0;34;12
"3127";"420330";33;0;20;13
"3128";"420340";32;0;26;6
"3129";"420350";94;0;70;24
"3130";"420360";90;0;80;10
"3131";"420370";20;0;15;5
"3132";"420380";135;0;91;44
"3133";"420390";76;0;67;9
"3134";"420400";32;0;24;8
"3135";"420410";29;0;22;7
"3136";"420420";362;0;265;97
"3137";"420430";220;0;148;72
"3138";"420440";30;0;20;10
"3139";"420455";27;0;27;0
"3140";"420460";585;0;452;133
"3141";"420470";47;0;32;15
"3142";"420480";149;0;111;38
"3143";"420490";38;0;34;4
"3144";"420500";50;0;33;17
"3145";"420520";32;0;28;4
"3146";"420530";52;0;46;6
"3147";"420540";1788;0;1327;462
"3148";"420550";44;0;35;9
"3149";"420590";67;0;47;20
"3150";"420630";15;0;10;5
"3151";"420640";39;0;31;8
"3152";"420650";46;0;34;12
"3153";"420660";14;0;13;1
"3154";"420680";38;0;30;8
"3155";"420690";104;0;93;11
"3156";"420700";90;0;72;18
"3157";"420720";35;0;32;3
"3158";"420730";98;0;76;22
"3159";"420740";15;0;14;1
"3160";"420750";92;0;55;37
"3161";"420760";29;0;21;8
"3162";"420765";25;0;18;7
"3163";"420770";22;0;21;1
"3164";"420780";53;0;47;6
"3165";"420790";22;0;18;4
"3166";"420800";42;0;33;9
"3167";"420810";42;0;39;3
"3168";"420820";549;0;350;199
"3169";"420830";22;0;20;2
"3170";"420840";102;0;72;30
"3171";"420850";60;0;48;12
"3172";"420860";28;0;21;7
"3173";"420870";30;0;18;12
"3174";"420880";40;0;35;5
"3175";"420890";301;0;209;92
"3176";"420900";160;0;72;87
"3177";"420910";1168,5;0;848,5;320
"3178";"420915";10;0;10;0
"3179";"420930";467;0;364,5;102,5
"3180";"420940";102,5;0;86;14,5
"3181";"420960";100;0;95;5
"3182";"420970";35;0;33;2
"3183";"420985";25;0;19;6
"3184";"421000";33;0;31;2
"3185";"421003";81;0;66;15
"3186";"421010";127;0;97;30
"3187";"421030";38;0;32;6
"3188";"421050";72;0;53;19
"3189";"421070";12;0;12;0
"3190";"421080";50;0;40;10
"3191";"421090";30;0;23;7
"3192";"421100";44;0;38;6
"3193";"421105";16;0;16;0
"3194";"421110";22;0;20;2
"3195";"421120";106;0;89;17
"3196";"421130";38;0;35;3
"3197";"421140";31;0;24;7
"3198";"421150";38;0;28;10
"3199";"421160";89;0;63;26
"3200";"421170";77;0;51;26
"3201";"421175";50;0;40;10
"3202";"421190";45;0;0;45
"3203";"421200";40;0;32;8
"3204";"421210";72;0;50;22
"3205";"421220";35;0;30;5
"3206";"421250";31;0;26;5
"3207";"421260";33;0;26;7
"3208";"421270";22;0;20;2
"3209";"421290";35;0;21;14
"3210";"421320";51;0;51;0
"3211";"421330";55;0;45;10
"3212";"421340";48;0;36;12
"3213";"421360";101;0;78;23
"3214";"421370";41;0;34;7
"3215";"421380";35;0;30;5
"3216";"421400";44;0;38;6
"3217";"421420";48;0;39;9
"3218";"421450";42;0;33;9
"3219";"421460";22;0;20;2
"3220";"421480";349;0;249;100
"3221";"421490";32;0;26;6
"3222";"421500";137;0;85;52
"3223";"421530";44;0;41;3
"3224";"421540";16;0;14;2
"3225";"421550";91;0;70;21
"3226";"421570";105;0;105;0
"3227";"421580";109;0;78;31
"3228";"421590";24;0;18;6
"3229";"421600";66;0;39,5;26,5
"3230";"421610";53;0;33;20
"3231";"421620";59;0;46;13
"3232";"421625";33;0;22;11
"3233";"421630";41;0;34;7
"3234";"421650";88;0;71;17
"3235";"421660";1092;0;1002,5;89,5
"3236";"421670";32;0;27;5
"3237";"421680";25;0;25;0
"3238";"421690";58;0;50;8
"3239";"421710";12;0;12;0
"3240";"421720";94;0;42;52
"3241";"421725";93;0;93;0
"3242";"421730";34;0;25;9
"3243";"421750";45;0;27;18
"3244";"421770";77;0;55;22
"3245";"421780";49;0;42;7
"3246";"421790";55;0;41;14
"3247";"421800";58;0;34;24
"3248";"421810";28;0;21;7
"3249";"421820";85;0;49;36
"3250";"421825";9;0;9;0
"3251";"421830";50;0;36;14
"3252";"421840";32;0;30;2
"3253";"421850";20;0;18;2
"3254";"421860";68;0;50;18
"3255";"421870";462;0;297;165
"3256";"421875";38;0;30;8
"3257";"421880";80;0;34;46
"3258";"421890";51;0;41;10
"3259";"421900";115;0;87;28
"3260";"421910";22;0;18;4
"3261";"421920";25;0;23;2
"3262";"421930";126;0;65;61
"3263";"421935";17;0;15;2
"3264";"421940";20;0;16;4
"3265";"421950";115;0;79;36
"3266";"421960";24;0;17;7
"3267";"421970";47;0;39;8
"3268";"420580";21;0;0;21
"3269";"421470";92;0;76;16
"3270";"280020";60;0;60;0
"3271";"280030";2566,5;0;1691;837
"3272";"280040";10;0;10;0
"3273";"280067";47;0;45;2
"3274";"280120";34;0;34;0
"3275";"280130";122;0;122;0
"3276";"280140";27;0;27;0
"3277";"280150";30;0;30;0
"3278";"280210";156;0;149;7
"3279";"280230";23;0;16;7
"3280";"280280";12;0;12;0
"3281";"280290";196;0;150;46
"3282";"280300";12;0;12;0
"3283";"280320";15;0;15;0
"3284";"280330";34;0;34;0
"3285";"280340";32;0;32;0
"3286";"280350";121,5;0;116,5;5
"3287";"280360";27;0;27;0
"3288";"280420";1;0;1;0
"3289";"280440";52;0;52;0
"3290";"280450";62;0;62;0
"3291";"280460";43;0;38;5
"3292";"280480";57;0;57;0
"3293";"280540";28;0;28;0
"3294";"280550";33;0;33;0
"3295";"280560";24;0;24;0
"3296";"280570";88;0;88;0
"3297";"280580";4;0;4;0
"3298";"280590";77;0;77;0
"3299";"280600";22;0;22;0
"3300";"280610";5;0;5;0
"3301";"280670";101;0;68;33
"3302";"280710";29;0;29;0
"3303";"280740";12;0;12;0
"3304";"280750";13;0;13;0
"3305";"280760";13;0;13;0
"3306";"350010";312;0;275;37
"3307";"350030";76;0;49;27
"3308";"350050";42;0;30;12
"3309";"350070";65;0;43;22
"3310";"350100";30;0;21;9
"3311";"350110";22;0;19;3
"3312";"350130";20;0;18;2
"3313";"350160";670;0;406;264
"3314";"350170";240;0;240;0
"3315";"350190";465;0;366;99
"3316";"350210";107;0;70;37
"3317";"350220";57;0;54;3
"3318";"350250";84;0;50;34
"3319";"350260";30;0;8;22
"3320";"350270";47;0;42;5
"3321";"350275";4;0;0;4
"3322";"350280";734;0;550;184
"3323";"350310";16;0;16;0
"3324";"350320";624;0;258;366
"3325";"350330";1165;0;755;410
"3326";"350340";24;0;22;2
"3327";"350370";25;0;4;21
"3328";"350380";75;0;0;75
"3329";"350390";97;0;9;88
"3330";"350400";376;0;199;177
"3331";"350410";208;0;48;160
"3332";"350420";51;0;30;21
"3333";"350450";168;0;109;59
"3334";"350490";15;0;15;0
"3335";"350520";78;0;64;14
"3336";"350530";106,5;0;77,5;29
"3337";"350550";627;0;501;126
"3338";"350560";29;0;29;0
"3339";"350570";536;0;414;122
"3340";"350580";61;0;57;4
"3341";"350590";147;0;97;50
"3342";"350600";1299;0;889,5;409,5
"3343";"350610";139,5;0;88;54
"3344";"350630";50;0;16;34
"3345";"350635";54;0;54;0
"3346";"350640";30;0;12;18
"3347";"350650";259;0;176;83
"3348";"350660";14;0;14;0
"3349";"350670";15;0;13;2
"3350";"350680";35;0;30;5
"3351";"350700";58;0;42;16
"3352";"350710";11;0;11;0
"3353";"350740";26;0;16;10
"3354";"350750";766,5;0;647;119,5
"3355";"350760";303;0;218;85
"3356";"350790";42;0;35;7
"3357";"350800";30;0;30;0
"3358";"350810";36;0;22;14
"3359";"350840";36;0;36;0
"3360";"350850";129;0;73;56
"3361";"350860";47;0;40;7
"3362";"350870";75;0;64;11
"3363";"350880";58;0;47;11
"3364";"350900";116;0;31;85
"3365";"350920";72;0;72;0
"3366";"350925";13;0;13;0
"3367";"350930";32;0;26;6
"3368";"350940";68;0;50;18
"3369";"350950";3170;0;1611;1559
"3370";"350960";44;0;44;0
"3371";"350970";444;0;322;122
"3372";"351000";50;0;40;10
"3373";"351020";100;0;75;25
"3374";"351040";130;0;65;65
"3375";"351050";136;0;112;24
"3376";"351060";339;0;230;86,5
"3377";"351070";39;0;18;21
"3378";"351080";457;0;440;17
"3379";"351100";46;0;30;16
"3380";"351110";631;0;464;167
"3381";"351140";45;0;36;9
"3382";"351150";41;0;33;8
"3383";"351160";30;0;18;12
"3384";"351170";33;0;26;7
"3385";"351190";30;0;20;10
"3386";"351200";47;0;40;7
"3387";"351210";20;0;20;0
"3388";"351220";60;0;44;16
"3389";"351230";45;0;37;8
"3390";"351280";90;0;61;29
"3391";"351300";275;0;192;83
"3392";"351310";23;0;23;0
"3393";"351340";162;0;117;45
"3394";"351350";188;0;166;22
"3395";"351360";40;0;24;16
"3396";"351370";57;0;23;34
"3397";"351380";687;0;573;114
"3398";"351390";204;0;195;9
"3399";"351410";65;0;44;21
"3400";"351430";18;0;12;6
"3401";"351440";153;0;118;35
"3402";"351450";86;0;81;5
"3403";"351480";7;0;7;0
"3404";"351490";6;0;6;0
"3405";"351500";80;0;77;3
"3406";"351510";21;0;21;0
"3407";"351518";481;0;389;92
"3408";"351520";14;0;9;5
"3409";"351540";29;0;20;9
"3410";"351550";190,5;0;108;82,5
"3411";"351570";233;0;233;0
"3412";"351600";47;0;37;10
"3413";"351620";828;0;471;356
"3414";"351630";193;0;144;49
"3415";"351640";873;0;847;32
"3416";"351660";45;0;24;21
"3417";"351670";377;0;332;45
"3418";"351690";32;0;11;21
"3419";"351700";51;0;42;9
"3420";"351740";60;0;42;18
"3421";"351760";27;0;18;9
"3422";"351770";38;0;30;8
"3423";"351780";27;0;20;7
"3424";"351810";28;0;24;4
"3425";"351820";74;0;30;44
"3426";"351830";35;0;28;7
"3427";"351840";368;0;310;58
"3428";"351860";76;0;55;21
"3429";"351870";402;0;299;104
"3430";"351880";2065,5;0;1474;592,5
"3431";"351900";23;0;19;4
"3432";"351907";75;0;68;7
"3433";"351910";27;0;25;2
"3434";"351920";15;0;15;0
"3435";"351930";68;0;63;5
"3436";"351940";27;0;9;18
"3437";"351960";102;0;56;46
"3438";"351970";80;0;80;0
"3439";"351990";28;0;28;0
"3440";"352000";67;0;67;0
"3441";"352010";50;0;32;18
"3442";"352020";15;0;15;0
"3443";"352030";34;0;34;0
"3444";"352040";42;0;39;3
"3445";"352044";127;0;82;45
"3446";"352050";346;0;229;117
"3447";"352070";39;0;5;34
"3448";"352090";49;0;21;28
"3449";"352130";50;0;29;21
"3450";"352170";35;0;30;5
"3451";"352180";35;0;32;3
"3452";"352190";36;0;15;21
"3453";"352210";91;0;71;20
"3454";"352220";523;0;327;196
"3455";"352230";142;0;90;52
"3456";"352240";185;0;168;17
"3457";"352250";287;0;254;33
"3458";"352260";1464;0;864;600
"3459";"352270";79;0;47;32
"3460";"352280";49;0;33;16
"3461";"352290";35;0;26;9
"3462";"352310";274;0;244;30
"3463";"352320";99;0;75;24
"3464";"352340";114;0;59;55
"3465";"352350";14;0;7;7
"3466";"352360";25;0;21;4
"3467";"352390";567;0;428;139
"3468";"352400";88;0;50;38
"3469";"352410";136;0;71;65
"3470";"352420";23;0;23;0
"3471";"352430";155;0;59;96
"3472";"352440";519;0;247;272
"3473";"352450";176,5;0;135;41,5
"3474";"352470";65;0;65;0
"3475";"352480";137,5;0;80;57,5
"3476";"352500";166;0;70;96
"3477";"352510";56;0;41;15
"3478";"352520";11;0;11;0
"3479";"352530";898;0;713;186
"3480";"352550";19;0;19;0
"3481";"352570";61;0;40;21
"3482";"352590";793;0;319;474
"3483";"352600";52;0;26;26
"3484";"352610";13;0;13;0
"3485";"352620";24;0;24;0
"3486";"352640";49;0;35;14
"3487";"352670";135;0;82;53
"3488";"352680";85;0;57;28
"3489";"352690";505;0;278;227
"3490";"352710";549;0;431;118
"3491";"352720";177;0;104;73
"3492";"352730";27;0;24;3
"3493";"352740";67;0;48;19
"3494";"352770";32;0;15;17
"3495";"352800";31;0;18;13
"3496";"352810";24;0;5;19
"3497";"352850";48;0;48;0
"3498";"352880";27;0;22;5
"3499";"352900";1063;0;788,5;275
"3500";"352920";66;0;41;25
"3501";"352930";161;0;93;68
"3502";"352940";503;0;280;223
"3503";"352970";64;0;43;21
"3504";"352990";16;0;16;0
"3505";"353010";128;0;98;30
"3506";"353030";93;0;24;69
"3507";"353050";145;0;106;39
"3508";"353060";981,5;0;637;344,5
"3509";"353070";295;0;164;131
"3510";"353080";212;0;134;78
"3511";"353110";44;0;44;0
"3512";"353130";115;0;64;51
"3513";"353140";80;0;35;45
"3514";"353150";71;0;48;23
"3515";"353180";45;0;38;7
"3516";"353190";45;0;31;14
"3517";"353200";27;0;17;10
"3518";"353210";37;0;23;14
"3519";"353240";28;0;28;0
"3520";"353250";34;0;11;23
"3521";"353260";124;0;36;88
"3522";"353290";12;0;7;5
"3523";"353300";128,5;0;42;47
"3524";"353340";52;0;52;0
"3525";"353350";130;0;38;92
"3526";"353390";101;0;81;20
"3527";"353430";118;0;72;46
"3528";"353440";1016;0;543;473
"3529";"353460";119;0;72;47
"3530";"353470";322;0;242;80
"3531";"353475";39;0;10;29
"3532";"353490";32;0;29;3
"3533";"353520";24;0;10;14
"3534";"353530";68;0;44;24
"3535";"353540";65;0;45;20
"3536";"353550";103;0;83;20
"3537";"353560";24;0;11;13
"3538";"353580";36;0;31;5
"3539";"353600";32;0;26;6
"3540";"353620";175;0;175;0
"3541";"353630";35;0;23;12
"3542";"353650";106;0;88;18
"3543";"353660";24;0;9;15
"3544";"353670";72;0;52;20
"3545";"353700";53;0;39;14
"3546";"353710";49;0;39;10
"3547";"353730";263;0;180;83
"3548";"353740";102;0;65;37
"3549";"353760";55;0;55;0
"3550";"353780";515;0;511;4
"3551";"353790";35;0;27;8
"3552";"353800";249;0;143;106
"3553";"353860";35;0;25;10
"3554";"353870";781;0;358;423
"3555";"353880";82;0;73;9
"3556";"353890";153;0;83;70
"3557";"353900";37;0;9;28
"3558";"353920";59;0;59;0
"3559";"353930";120;0;60;60
"3560";"353940";30;0;26;4
"3561";"353950";50;0;33;17
"3562";"353980";24;0;24;0
"3563";"354000";41;0;41;0
"3564";"354020";75;0;42;33
"3565";"354040";18;0;8;10
"3566";"354060";45;0;34;11
"3567";"354070";61;0;37;24
"3568";"354080";28;0;20;8
"3569";"354100";239;0;163;76
"3570";"354120";51;0;40;11
"3571";"354130";78;0;68;10
"3572";"354140";1650;0;1120;529
"3573";"354150";101;0;79;22
"3574";"354160";78;0;78;0
"3575";"354190";38;0;19;19
"3576";"354220";105;0;77;28
"3577";"354240";26;0;18;8
"3578";"354260";88;0;46;42
"3579";"354290";21;0;9;12
"3580";"354300";39;0;38;1
"3581";"354330";139;0;46;93
"3582";"354340";2215;0;1549;666
"3583";"354380";33;0;20;13
"3584";"354390";504;0;302;202
"3585";"354400";62;0;43;19
"3586";"354420";36;0;7;29
"3587";"354425";68;0;59;9
"3588";"354430";14;0;14;0
"3589";"354490";29;0;19;10
"3590";"354500";24;0;21;3
"3591";"354520";112;0;49;63
"3592";"354530";1011;0;985;26
"3593";"354540";34;0;15;19
"3594";"354560";31;0;11;20
"3595";"354580";134;0;83;51
"3596";"354600";40;0;0;40
"3597";"354630";46;0;24;22
"3598";"354640";117;0;84;33
"3599";"354660";82,5;0;39;43,5
"3600";"354680";108;0;96;12
"3601";"354700";5;0;5;0
"3602";"354730";29;0;29;0
"3603";"354750";299;0;276;23
"3604";"354760";30;0;18;12
"3605";"354770";56;0;37;19
"3606";"354780";1752;0;744;1008
"3607";"354790";12;0;12;0
"3608";"354850";1954;0;973;978
"3609";"354860";64;0;16;48
"3610";"354870";1989,5;0;882;1117
"3611";"354880";757;0;248;509
"3612";"354890";494;0;241;253
"3613";"354910";207;0;90;117
"3614";"354940";128;0;100;28
"3615";"354970";155;0;94;61
"3616";"354980";1808;0;1142;666
"3617";"354990";1679,5;0;965;718,5
"3618";"355000";26;0;11;15
"3619";"355010";75;0;58;17
"3620";"355020";6;0;6;0
"3621";"355030";34923;25;18162,5;16771,5
"3622";"355040";81;0;62;19
"3623";"355060";98;0;45;53
"3624";"355070";118;0;106;12
"3625";"355080";30;0;26;4
"3626";"355090";40;0;32;8
"3627";"355100";208;0;146;62
"3628";"355150";58;0;43;15
"3629";"355160";65;0;49;16
"3630";"355170";190;0;93;97
"3631";"355200";12;0;3;9
"3632";"355210";62;0;62;0
"3633";"355220";2788;0;2293;513
"3634";"355230";28;0;21;7
"3635";"355240";238;0;234;4
"3636";"355250";362;0;219,5;141
"3637";"355260";30;0;11;19
"3638";"355270";35;0;22;13
"3639";"355280";614;0;375;239
"3640";"355300";17;0;12;5
"3641";"355320";11;0;10;1
"3642";"355330";36;0;23;13
"3643";"355340";72;0;38;34
"3644";"355360";34;0;21;13
"3645";"355370";176;0;128;48
"3646";"355380";54;0;36;18
"3647";"355400";149;0;104;45
"3648";"355410";537,5;0;289,5;248
"3649";"355430";58;0;52;6
"3650";"355440";34;0;30;4
"3651";"355450";93;0;57;36
"3652";"355470";20;0;20;0
"3653";"355480";39;0;2;36
"3654";"355500";897;0;843;54
"3655";"355510";48;0;30;18
"3656";"355540";96;0;71;25
"3657";"355580";40,5;0;9;31,5
"3658";"355600";34;0;15;19
"3659";"355620";190;0;70;120
"3660";"355630";55;0;31;24
"3661";"355640";88;0;53;35
"3662";"355650";31;0;31;0
"3663";"355670";102;0;65;37
"3664";"355680";54;0;20;34
"3665";"355690";13;0;13;0
"3666";"355700";200;0;106;94
"3667";"355710";280;0;135;145
"3668";"355720";48;0;20;28
"3669";"170070";10;0;10;0
"3670";"170100";10;0;10;0
"3671";"170190";5;0;5;0
"3672";"170200";28;0;28;0
"3673";"170210";737;0;647;90
"3674";"170220";25;0;25;0
"3675";"170230";24;0;24;0
"3676";"170240";53;0;53;0
"3677";"170255";97;0;97;0
"3678";"170370";5;0;5;0
"3679";"170550";71;0;59;12
"3680";"170555";17;0;17;0
"3681";"170610";17;0;17;0
"3682";"170700";47;0;47;0
"3683";"170710";9;0;9;0
"3684";"170730";5;0;5;0
"3685";"170765";5;0;5;0
"3686";"170820";28;0;28;0
"3687";"170900";10;0;10;0
"3688";"170930";57;0;57;0
"3689";"170950";246;0;124;122
"3690";"171050";28;0;28;0
"3691";"171070";15;0;15;0
"3692";"171190";10;0;10;0
"3693";"171320";67;0;67;0
"3694";"171330";26;0;26;0
"3695";"171360";7;0;7;0
"3696";"171420";9;0;9;0
"3697";"171430";31;0;31;0
"3698";"171575";5;0;5;0
"3699";"171610";80;0;70;10
"3700";"171620";26;0;26;0
"3701";"171650";30,5;0;30,5;0
"3702";"171660";26;0;26;0
"3703";"171670";9;0;9;0
"3704";"171700";6;0;6;0
"3705";"171750";17;0;17;0
"3706";"171790";9;0;9;0
"3707";"171820";110;0;110;0
"3708";"171840";5;0;5;0
"3709";"171886";6;0;6;0
"3710";"172049";21;0;21;0
"3711";"172065";5;0;5;0
"3712";"172090";46;0;46;0
"3713";"172100";481;0;371;110
"3714";"172120";40;0;40;0
"3715";"172210";37;0;37;0
